age,yr,cohort,L,D,rate,y,country,gender
50.0,1990.0,1940.0,0,0,0.006562729220952637,-5.0263487227673265,SA2,Female
51.0,1990.0,1939.0,0,0,0.007425397117324978,-4.90284911190877,SA2,Female
52.0,1990.0,1938.0,0,0,0.008009361500044707,-4.827144233932453,SA2,Female
53.0,1990.0,1937.0,0,0,0.008571465501138785,-4.7593165573584395,SA2,Female
54.0,1990.0,1936.0,0,0,0.009000372418593323,-4.710489322658337,SA2,Female
55.0,1990.0,1935.0,0,0,0.010368008214005528,-4.5690303471266285,SA2,Female
56.0,1990.0,1934.0,0,0,0.010994046776303936,-4.510401354840701,SA2,Female
57.0,1990.0,1933.0,0,0,0.012464858206644601,-4.384841937390641,SA2,Female
58.0,1990.0,1932.0,0,0,0.014776822483466316,-4.214695374162078,SA2,Female
59.0,1990.0,1931.0,0,0,0.014087501477302472,-4.262467294750056,SA2,Female
60.0,1990.0,1930.0,0,0,0.017360110606086242,-4.053580198451898,SA2,Female
61.0,1990.0,1929.0,0,0,0.018066577505290275,-4.013691594348359,SA2,Female
62.0,1990.0,1928.0,0,0,0.020826080977900268,-3.871549184574095,SA2,Female
63.0,1990.0,1927.0,0,0,0.021818082862471985,-3.8250161639188356,SA2,Female
64.0,1990.0,1926.0,0,0,0.026272100252759598,-3.639247729764787,SA2,Female
65.0,1990.0,1925.0,0,0,0.02793826717204592,-3.577757946688431,SA2,Female
66.0,1990.0,1924.0,0,0,0.03098558725880806,-3.474233109744346,SA2,Female
67.0,1990.0,1923.0,0,0,0.03627408153565041,-3.3166518000182896,SA2,Female
68.0,1990.0,1922.0,0,0,0.03959508305231073,-3.2290503337765455,SA2,Female
69.0,1990.0,1921.0,0,0,0.045109910782525006,-3.0986533053397802,SA2,Female
70.0,1990.0,1920.0,0,0,0.0524275936935264,-2.9483222290540896,SA2,Female
71.0,1990.0,1919.0,0,0,0.06016239468707003,-2.810707794829072,SA2,Female
72.0,1990.0,1918.0,0,0,0.06694683879658718,-2.7038564253370696,SA2,Female
73.0,1990.0,1917.0,0,0,0.07014220230232186,-2.6572306360986206,SA2,Female
74.0,1990.0,1916.0,0,0,0.08087541096719,-2.514845444663133,SA2,Female
75.0,1990.0,1915.0,0,0,0.09598328651242195,-2.343581201500199,SA2,Female
76.0,1990.0,1914.0,0,0,0.10779807994902448,-2.2274954318994014,SA2,Female
77.0,1990.0,1913.0,0,0,0.1286734469241751,-2.0504775032719382,SA2,Female
78.0,1990.0,1912.0,0,0,0.14023209412638965,-1.964456413843068,SA2,Female
79.0,1990.0,1911.0,0,0,0.15177400101370825,-1.88536270000866,SA2,Female
80.0,1990.0,1910.0,0,0,0.19030162447062618,-1.659144968349541,SA2,Female
81.0,1990.0,1909.0,0,0,0.19418814083975397,-1.6389277917261529,SA2,Female
82.0,1990.0,1908.0,0,0,0.2182282833645315,-1.5222135926976172,SA2,Female
83.0,1990.0,1907.0,0,0,0.23768596332887268,-1.436804958404759,SA2,Female
84.0,1990.0,1906.0,0,0,0.25859670517704425,-1.352485553726923,SA2,Female
50.0,1991.0,1941.0,0,0,0.006363625477197487,-5.057157020458721,SA2,Female
51.0,1991.0,1940.0,0,0,0.006981226700575669,-4.964530632581064,SA2,Female
52.0,1991.0,1939.0,0,0,0.007674346324918054,-4.869872158527779,SA2,Female
53.0,1991.0,1938.0,0,0,0.008190292494584715,-4.804805668130368,SA2,Female
54.0,1991.0,1937.0,0,0,0.00904780942613257,-4.705232602930745,SA2,Female
55.0,1991.0,1936.0,0,0,0.01028045637095689,-4.577510625878551,SA2,Female
56.0,1991.0,1935.0,0,0,0.011036654115025354,-4.506533353359148,SA2,Female
57.0,1991.0,1934.0,0,0,0.012125015045841181,-4.412484601265242,SA2,Female
58.0,1991.0,1933.0,0,0,0.013877302999071422,-4.277500651208055,SA2,Female
59.0,1991.0,1932.0,0,0,0.014017855710933731,-4.267423354084833,SA2,Female
60.0,1991.0,1931.0,0,0,0.015061235315906425,-4.195631033685754,SA2,Female
61.0,1991.0,1930.0,0,0,0.017470263616661662,-4.047255065272764,SA2,Female
62.0,1991.0,1929.0,0,0,0.020211499892557022,-3.9015035349539287,SA2,Female
63.0,1991.0,1928.0,0,0,0.022990173143500426,-3.7726884089826696,SA2,Female
64.0,1991.0,1927.0,0,0,0.024809032064841925,-3.6965474959515445,SA2,Female
65.0,1991.0,1926.0,0,0,0.02701620866473089,-3.611318272182367,SA2,Female
66.0,1991.0,1925.0,0,0,0.030887584974001417,-3.4774009565906128,SA2,Female
67.0,1991.0,1924.0,0,0,0.035696903714952266,-3.332691324631472,SA2,Female
68.0,1991.0,1923.0,0,0,0.0373302427625883,-3.287951482926822,SA2,Female
69.0,1991.0,1922.0,0,0,0.04654883615467874,-3.067253277619335,SA2,Female
70.0,1991.0,1921.0,0,0,0.0498070202677435,-2.999599335654961,SA2,Female
71.0,1991.0,1920.0,0,0,0.05463768405771922,-2.907031450091552,SA2,Female
72.0,1991.0,1919.0,0,0,0.06528578720271598,-2.7289809202532527,SA2,Female
73.0,1991.0,1918.0,0,0,0.06875239532175606,-2.677243701998667,SA2,Female
74.0,1991.0,1917.0,0,0,0.07810673969873067,-2.5496789301013663,SA2,Female
75.0,1991.0,1916.0,0,0,0.09535810229095122,-2.350115976335522,SA2,Female
76.0,1991.0,1915.0,0,0,0.10264259482941429,-2.276502278115373,SA2,Female
77.0,1991.0,1914.0,0,0,0.12120537276353649,-2.110268876597307,SA2,Female
78.0,1991.0,1913.0,0,0,0.12957474114467527,-2.0434974126341947,SA2,Female
79.0,1991.0,1912.0,0,0,0.14446114956473882,-1.934744668722963,SA2,Female
80.0,1991.0,1911.0,0,0,0.17502954820632907,-1.7428004724183463,SA2,Female
81.0,1991.0,1910.0,0,0,0.19258259267860367,-1.647230164395301,SA2,Female
82.0,1991.0,1909.0,0,0,0.21114613754522243,-1.5552047902382484,SA2,Female
83.0,1991.0,1908.0,0,0,0.2277329370891374,-1.4795816651255675,SA2,Female
84.0,1991.0,1907.0,0,0,0.27494678924479726,-1.291177693693161,SA2,Female
50.0,1992.0,1942.0,0,0,0.00581025863075232,-5.148130194349634,SA2,Female
51.0,1992.0,1941.0,0,0,0.0066869160875988876,-5.007602484576006,SA2,Female
52.0,1992.0,1940.0,0,0,0.0075035413903041465,-4.89238018451042,SA2,Female
53.0,1992.0,1939.0,0,0,0.008104324693580557,-4.815357446996741,SA2,Female
54.0,1992.0,1938.0,0,0,0.00840924432297446,-4.778423663615365,SA2,Female
55.0,1992.0,1937.0,0,0,0.009671204692513107,-4.638602396871764,SA2,Female
56.0,1992.0,1936.0,0,0,0.010154356450889732,-4.589852458593101,SA2,Female
57.0,1992.0,1935.0,0,0,0.01129374759088015,-4.483506016938189,SA2,Female
58.0,1992.0,1934.0,0,0,0.012380428786210323,-4.391638376928845,SA2,Female
59.0,1992.0,1933.0,0,0,0.0145841957787813,-4.22781681747884,SA2,Female
60.0,1992.0,1932.0,0,0,0.014897358755977256,-4.20657134644348,SA2,Female
61.0,1992.0,1931.0,0,0,0.01692008927292503,-4.0792536486403765,SA2,Female
62.0,1992.0,1930.0,0,0,0.019378079164208663,-3.9436127917655854,SA2,Female
63.0,1992.0,1929.0,0,0,0.02013560744910698,-3.905265516317947,SA2,Female
64.0,1992.0,1928.0,0,0,0.024299159469980753,-3.7173135189465984,SA2,Female
65.0,1992.0,1927.0,0,0,0.026350531682356078,-3.63626682649981,SA2,Female
66.0,1992.0,1926.0,0,0,0.0289250483459523,-3.5430473344793407,SA2,Female
67.0,1992.0,1925.0,0,0,0.03127288072824318,-3.4650039874113725,SA2,Female
68.0,1992.0,1924.0,0,0,0.03585402384172632,-3.3282994771827252,SA2,Female
69.0,1992.0,1923.0,0,0,0.04108882214570197,-3.1920191617276092,SA2,Female
70.0,1992.0,1922.0,0,0,0.04840906599998881,-3.0280681687512816,SA2,Female
71.0,1992.0,1921.0,0,0,0.0515403321005514,-2.9653906302289803,SA2,Female
72.0,1992.0,1920.0,0,0,0.06478861426038923,-2.7366253969201817,SA2,Female
73.0,1992.0,1919.0,0,0,0.06780240760041456,-2.6911575743356657,SA2,Female
74.0,1992.0,1918.0,0,0,0.078389149550399,-2.5460697597955932,SA2,Female
75.0,1992.0,1917.0,0,0,0.09330950010801818,-2.3718333530754077,SA2,Female
76.0,1992.0,1916.0,0,0,0.10222303306741902,-2.280598254125457,SA2,Female
77.0,1992.0,1915.0,0,0,0.11506022300266147,-2.1622996094064946,SA2,Female
78.0,1992.0,1914.0,0,0,0.13420767940841472,-2.0083668324721162,SA2,Female
79.0,1992.0,1913.0,0,0,0.1488351695325137,-1.9049158301252702,SA2,Female
80.0,1992.0,1912.0,0,0,0.16849887642593592,-1.7808261973072883,SA2,Female
81.0,1992.0,1911.0,0,0,0.18700356364671766,-1.6766276053748124,SA2,Female
82.0,1992.0,1910.0,0,0,0.22050336638580376,-1.5118423171559774,SA2,Female
83.0,1992.0,1909.0,0,0,0.22552209361820258,-1.489337148704816,SA2,Female
84.0,1992.0,1908.0,0,0,0.2571504019875145,-1.3580941435210785,SA2,Female
50.0,1993.0,1943.0,0,0,0.005836848817889047,-5.143564213748807,SA2,Female
51.0,1993.0,1942.0,0,0,0.006829244896969795,-4.986541168323915,SA2,Female
52.0,1993.0,1941.0,0,0,0.0067721310205107335,-4.994939467510525,SA2,Female
53.0,1993.0,1940.0,0,0,0.008258452380426592,-4.796518072148397,SA2,Female
54.0,1993.0,1939.0,0,0,0.008121103853375297,-4.813289191513996,SA2,Female
55.0,1993.0,1938.0,0,0,0.009042195890189604,-4.705853225868659,SA2,Female
56.0,1993.0,1937.0,0,0,0.010418459838680215,-4.564176061769702,SA2,Female
57.0,1993.0,1936.0,0,0,0.010840459735537595,-4.524469872842506,SA2,Female
58.0,1993.0,1935.0,0,0,0.01306574632604989,-4.337761257565313,SA2,Female
59.0,1993.0,1934.0,0,0,0.013430517579195634,-4.310225730157907,SA2,Female
60.0,1993.0,1933.0,0,0,0.014165650612352866,-4.256935215772958,SA2,Female
61.0,1993.0,1932.0,0,0,0.015997628597369314,-4.135314780391356,SA2,Female
62.0,1993.0,1931.0,0,0,0.018995660190768503,-3.963544736917649,SA2,Female
63.0,1993.0,1930.0,0,0,0.01954021994162405,-3.9352803764623707,SA2,Female
64.0,1993.0,1929.0,0,0,0.02232860490515821,-3.8018866913398224,SA2,Female
65.0,1993.0,1928.0,0,0,0.024688890783298948,-3.701401902381549,SA2,Female
66.0,1993.0,1927.0,0,0,0.02870979313012411,-3.5505169903741103,SA2,Female
67.0,1993.0,1926.0,0,0,0.02902126142926958,-3.539726564887407,SA2,Female
68.0,1993.0,1925.0,0,0,0.0357207013078997,-3.332024889686738,SA2,Female
69.0,1993.0,1924.0,0,0,0.04340205158648712,-3.1372485674149995,SA2,Female
70.0,1993.0,1923.0,0,0,0.04708373997785395,-3.0558275609632095,SA2,Female
71.0,1993.0,1922.0,0,0,0.049628992163404884,-3.0031800965927076,SA2,Female
72.0,1993.0,1921.0,0,0,0.05746677522008025,-2.8565483204419233,SA2,Female
73.0,1993.0,1920.0,0,0,0.06528706586137747,-2.728961334885674,SA2,Female
74.0,1993.0,1919.0,0,0,0.07219099005920945,-2.628440032294146,SA2,Female
75.0,1993.0,1918.0,0,0,0.08755011697120639,-2.435543884200839,SA2,Female
76.0,1993.0,1917.0,0,0,0.09629465802954605,-2.3403424338917103,SA2,Female
77.0,1993.0,1916.0,0,0,0.1125062810590126,-2.1847462272605225,SA2,Female
78.0,1993.0,1915.0,0,0,0.126409189960961,-2.068231094524939,SA2,Female
79.0,1993.0,1914.0,0,0,0.15219218411783958,-1.8826111875811655,SA2,Female
80.0,1993.0,1913.0,0,0,0.15426118034660427,-1.8691081368356222,SA2,Female
81.0,1993.0,1912.0,0,0,0.1844669549351685,-1.690284937585405,SA2,Female
82.0,1993.0,1911.0,0,0,0.20668738189910515,-1.5765478596386309,SA2,Female
83.0,1993.0,1910.0,0,0,0.2191603471505375,-1.5179516383081688,SA2,Female
84.0,1993.0,1909.0,0,0,0.24828885675906281,-1.393162465610137,SA2,Female
50.0,1994.0,1944.0,0,0,0.006106481371772683,-5.098404551914947,SA2,Female
51.0,1994.0,1943.0,0,0,0.006238187243170772,-5.077065644707934,SA2,Female
52.0,1994.0,1942.0,0,0,0.006551577531789381,-5.0280494137853715,SA2,Female
53.0,1994.0,1941.0,0,0,0.0069436566087924135,-4.969926754345642,SA2,Female
54.0,1994.0,1940.0,0,0,0.007889531360127893,-4.842218542576887,SA2,Female
55.0,1994.0,1939.0,0,0,0.009190791028502156,-4.68955327140015,SA2,Female
56.0,1994.0,1938.0,0,0,0.009492551551030196,-4.657247835161428,SA2,Female
57.0,1994.0,1937.0,0,0,0.010867410764763955,-4.5219868063368835,SA2,Female
58.0,1994.0,1936.0,0,0,0.011202544433699575,-4.4916143449025965,SA2,Female
59.0,1994.0,1935.0,0,0,0.01290739824644682,-4.349954624530575,SA2,Female
60.0,1994.0,1934.0,0,0,0.01386507771211163,-4.278381995017616,SA2,Female
61.0,1994.0,1933.0,0,0,0.015417016318953288,-4.172283423800682,SA2,Female
62.0,1994.0,1932.0,0,0,0.01672219385711205,-4.0910184683833,SA2,Female
63.0,1994.0,1931.0,0,0,0.01918094457993992,-3.9538379625674462,SA2,Female
64.0,1994.0,1930.0,0,0,0.02073492481675338,-3.8759358112005,SA2,Female
65.0,1994.0,1929.0,0,0,0.023246947600379597,-3.7615814415727122,SA2,Female
66.0,1994.0,1928.0,0,0,0.026455778570668356,-3.632280673058402,SA2,Female
67.0,1994.0,1927.0,0,0,0.02917023235945672,-3.534606529434654,SA2,Female
68.0,1994.0,1926.0,0,0,0.03189603495384457,-3.445273573034466,SA2,Female
69.0,1994.0,1925.0,0,0,0.03824185722143516,-3.26382462447215,SA2,Female
70.0,1994.0,1924.0,0,0,0.04365657399646667,-3.131401401015624,SA2,Female
71.0,1994.0,1923.0,0,0,0.04918780865254382,-3.0121094778042523,SA2,Female
72.0,1994.0,1922.0,0,0,0.056691011608791725,-2.870139606233048,SA2,Female
73.0,1994.0,1921.0,0,0,0.06616414372199936,-2.7156165983960796,SA2,Female
74.0,1994.0,1920.0,0,0,0.07016684808463175,-2.6568793290019594,SA2,Female
75.0,1994.0,1919.0,0,0,0.08284648016727006,-2.4907660204143456,SA2,Female
76.0,1994.0,1918.0,0,0,0.0925152967407437,-2.3803812779656948,SA2,Female
77.0,1994.0,1917.0,0,0,0.10777052255744538,-2.2277511035640947,SA2,Female
78.0,1994.0,1916.0,0,0,0.12066629861315209,-2.1147264059963753,SA2,Female
79.0,1994.0,1915.0,0,0,0.13601632149249,-1.9949803894726348,SA2,Female
80.0,1994.0,1914.0,0,0,0.15033420352205315,-1.894894439769289,SA2,Female
81.0,1994.0,1913.0,0,0,0.17009282445173077,-1.7714109647632792,SA2,Female
82.0,1994.0,1912.0,0,0,0.20258108898385535,-1.596615033163567,SA2,Female
83.0,1994.0,1911.0,0,0,0.21460423448920218,-1.5389597169708826,SA2,Female
84.0,1994.0,1910.0,0,0,0.2326029416483823,-1.4584223921659254,SA2,Female
50.0,1995.0,1945.0,0,0,0.005585890457856098,-5.1875114217738645,SA2,Female
51.0,1995.0,1944.0,0,0,0.006138778591744642,-5.093129483037526,SA2,Female
52.0,1995.0,1943.0,0,0,0.006428632227378156,-5.046993480719696,SA2,Female
53.0,1995.0,1942.0,0,0,0.007237142991752048,-4.928528764864152,SA2,Female
54.0,1995.0,1941.0,0,0,0.008180016038185897,-4.806061167710981,SA2,Female
55.0,1995.0,1940.0,0,0,0.00802819558720713,-4.824795485214885,SA2,Female
56.0,1995.0,1939.0,0,0,0.009059496345883314,-4.7039417514345905,SA2,Female
57.0,1995.0,1938.0,0,0,0.010339528047723227,-4.571781054297197,SA2,Female
58.0,1995.0,1937.0,0,0,0.011015716330760622,-4.508432268544507,SA2,Female
59.0,1995.0,1936.0,0,0,0.012175494562560164,-4.408329989683661,SA2,Female
60.0,1995.0,1935.0,0,0,0.013393640879128952,-4.312975245924137,SA2,Female
61.0,1995.0,1934.0,0,0,0.01427440147535191,-4.249287452490568,SA2,Female
62.0,1995.0,1933.0,0,0,0.016002713302847412,-4.134996989691698,SA2,Female
63.0,1995.0,1932.0,0,0,0.01756440802126326,-4.041880696009149,SA2,Female
64.0,1995.0,1931.0,0,0,0.01986623711154906,-3.9187336157145922,SA2,Female
65.0,1995.0,1930.0,0,0,0.022740061300137306,-3.783627094966929,SA2,Female
66.0,1995.0,1929.0,0,0,0.02548789687535807,-3.669551571830238,SA2,Female
67.0,1995.0,1928.0,0,0,0.02800025058849338,-3.575541819257931,SA2,Female
68.0,1995.0,1927.0,0,0,0.03266003584421077,-3.4216030939446833,SA2,Female
69.0,1995.0,1926.0,0,0,0.036891872233801144,-3.2997640168641156,SA2,Female
70.0,1995.0,1925.0,0,0,0.040172153724872116,-3.214581216791232,SA2,Female
71.0,1995.0,1924.0,0,0,0.044313930394914165,-3.116456195494794,SA2,Female
72.0,1995.0,1923.0,0,0,0.05443548299953459,-2.9107390767291483,SA2,Female
73.0,1995.0,1922.0,0,0,0.06058318454217753,-2.8037379072146953,SA2,Female
74.0,1995.0,1921.0,0,0,0.06592856999230018,-2.7191833958798064,SA2,Female
75.0,1995.0,1920.0,0,0,0.07767628699748848,-2.5552052548349673,SA2,Female
76.0,1995.0,1919.0,0,0,0.08909099453602289,-2.418097021038542,SA2,Female
77.0,1995.0,1918.0,0,0,0.1047497750912202,-2.256180867282718,SA2,Female
78.0,1995.0,1917.0,0,0,0.10888277795807419,-2.2174834070217657,SA2,Female
79.0,1995.0,1916.0,0,0,0.12890210940930238,-2.048702004474989,SA2,Female
80.0,1995.0,1915.0,0,0,0.14232769358097902,-1.9496231787594964,SA2,Female
81.0,1995.0,1914.0,0,0,0.16396588880891905,-1.8080968678594793,SA2,Female
82.0,1995.0,1913.0,0,0,0.18137905456900938,-1.7071662134087107,SA2,Female
83.0,1995.0,1912.0,0,0,0.2084682559595106,-1.5679684989291003,SA2,Female
84.0,1995.0,1911.0,0,0,0.21740739088845487,-1.5259823081458803,SA2,Female
50.0,1996.0,1946.0,0,0,0.005529249601562438,-5.197703168575411,SA2,Female
51.0,1996.0,1945.0,0,0,0.005802853874252129,-5.149405435160483,SA2,Female
52.0,1996.0,1944.0,0,0,0.006211645816875754,-5.081329391278065,SA2,Female
53.0,1996.0,1943.0,0,0,0.006732984413865629,-5.000736784308702,SA2,Female
54.0,1996.0,1942.0,0,0,0.00735759526223664,-4.912022130303818,SA2,Female
55.0,1996.0,1941.0,0,0,0.008300214193529349,-4.791473958063246,SA2,Female
56.0,1996.0,1940.0,0,0,0.008657160984993955,-4.7493684409881745,SA2,Female
57.0,1996.0,1939.0,0,0,0.009481788287934962,-4.658382342537288,SA2,Female
58.0,1996.0,1938.0,0,0,0.01118640162198425,-4.493056379241555,SA2,Female
59.0,1996.0,1937.0,0,0,0.01132669867971361,-4.480592625067287,SA2,Female
60.0,1996.0,1936.0,0,0,0.012638310018642846,-4.371022600258946,SA2,Female
61.0,1996.0,1935.0,0,0,0.01439782681249301,-4.240677999588214,SA2,Female
62.0,1996.0,1934.0,0,0,0.015434983813768231,-4.171118669699233,SA2,Female
63.0,1996.0,1933.0,0,0,0.018218894832211924,-4.005296045838987,SA2,Female
64.0,1996.0,1932.0,0,0,0.020079954936561506,-3.908033228356271,SA2,Female
65.0,1996.0,1931.0,0,0,0.021245177226156698,-3.851625363432896,SA2,Female
66.0,1996.0,1930.0,0,0,0.0251242190909564,-3.6839229940428795,SA2,Female
67.0,1996.0,1929.0,0,0,0.027769934803363826,-3.583801325402453,SA2,Female
68.0,1996.0,1928.0,0,0,0.03195439043961748,-3.443445691648831,SA2,Female
69.0,1996.0,1927.0,0,0,0.0344055020856315,-3.369538783042765,SA2,Female
70.0,1996.0,1926.0,0,0,0.040497794877942125,-3.2065077538101794,SA2,Female
71.0,1996.0,1925.0,0,0,0.046665447779738745,-3.064751264387648,SA2,Female
72.0,1996.0,1924.0,0,0,0.052662218164624464,-2.9438570034193177,SA2,Female
73.0,1996.0,1923.0,0,0,0.05560218978322874,-2.889532693910708,SA2,Female
74.0,1996.0,1922.0,0,0,0.06523362382156646,-2.72978024019375,SA2,Female
75.0,1996.0,1921.0,0,0,0.0700008619317529,-2.6592477236978307,SA2,Female
76.0,1996.0,1920.0,0,0,0.08452275120996741,-2.470734535770591,SA2,Female
77.0,1996.0,1919.0,0,0,0.09305583094013002,-2.3745556332668927,SA2,Female
78.0,1996.0,1918.0,0,0,0.11587441478500958,-2.1552483055079255,SA2,Female
79.0,1996.0,1917.0,0,0,0.12531694506420527,-2.0769091902763024,SA2,Female
80.0,1996.0,1916.0,0,0,0.1412237830440475,-1.9574095329504597,SA2,Female
81.0,1996.0,1915.0,0,0,0.15332225572486435,-1.8752133260495452,SA2,Female
82.0,1996.0,1914.0,0,0,0.18283569767135133,-1.6991673563612295,SA2,Female
83.0,1996.0,1913.0,0,0,0.19801055739835785,-1.6194349295153463,SA2,Female
84.0,1996.0,1912.0,0,0,0.22449838879199827,-1.493886748698641,SA2,Female
50.0,1997.0,1947.0,0,0,0.005082074510804578,-5.282035732482757,SA2,Female
51.0,1997.0,1946.0,0,0,0.005639193012400946,-5.178014306617139,SA2,Female
52.0,1997.0,1945.0,0,0,0.005643601239996917,-5.177232899507931,SA2,Female
53.0,1997.0,1944.0,0,0,0.0064704012395165374,-5.040517157010975,SA2,Female
54.0,1997.0,1943.0,0,0,0.007025422591857238,-4.958219910147075,SA2,Female
55.0,1997.0,1942.0,0,0,0.007660530562354099,-4.871674033613383,SA2,Female
56.0,1997.0,1941.0,0,0,0.008239322943764378,-4.798837105455537,SA2,Female
57.0,1997.0,1940.0,0,0,0.008604713271078234,-4.755445171073306,SA2,Female
58.0,1997.0,1939.0,0,0,0.009553759441532963,-4.650820543153531,SA2,Female
59.0,1997.0,1938.0,0,0,0.011307059144320874,-4.482328045272313,SA2,Female
60.0,1997.0,1937.0,0,0,0.012175485402810092,-4.408330741994253,SA2,Female
61.0,1997.0,1936.0,0,0,0.013147980872619027,-4.331487077956167,SA2,Female
62.0,1997.0,1935.0,0,0,0.014960403812261162,-4.202348314001899,SA2,Female
63.0,1997.0,1934.0,0,0,0.015295048993822037,-4.180226098126994,SA2,Female
64.0,1997.0,1933.0,0,0,0.01860403000277102,-3.9843770549162,SA2,Female
65.0,1997.0,1932.0,0,0,0.020374420954630584,-3.8934750396636835,SA2,Female
66.0,1997.0,1931.0,0,0,0.02372311718869775,-3.7413052974372927,SA2,Female
67.0,1997.0,1930.0,0,0,0.026544733712692056,-3.628923904539781,SA2,Female
68.0,1997.0,1929.0,0,0,0.028262294420123176,-3.5662267153497256,SA2,Female
69.0,1997.0,1928.0,0,0,0.03425019832259433,-3.374062923849957,SA2,Female
70.0,1997.0,1927.0,0,0,0.038149400744189176,-3.2662452292599906,SA2,Female
71.0,1997.0,1926.0,0,0,0.044266896347151315,-3.1175181420562086,SA2,Female
72.0,1997.0,1925.0,0,0,0.049345240656371185,-3.0089139583537214,SA2,Female
73.0,1997.0,1924.0,0,0,0.05609136156472914,-2.8807734611134577,SA2,Female
74.0,1997.0,1923.0,0,0,0.06310005506931793,-2.76303363670448,SA2,Female
75.0,1997.0,1922.0,0,0,0.07416244505418056,-2.601497388281782,SA2,Female
76.0,1997.0,1921.0,0,0,0.08087483778719216,-2.514852531885592,SA2,Female
77.0,1997.0,1920.0,0,0,0.09391500336554014,-2.365365125280731,SA2,Female
78.0,1997.0,1919.0,0,0,0.10427770721157799,-2.260697677005712,SA2,Female
79.0,1997.0,1918.0,0,0,0.1158423317059821,-2.1555252218699783,SA2,Female
80.0,1997.0,1917.0,0,0,0.13925916896202534,-1.9714185570137244,SA2,Female
81.0,1997.0,1916.0,0,0,0.1457421894660209,-1.9259160437567788,SA2,Female
82.0,1997.0,1915.0,0,0,0.17350700911113226,-1.7515372820761577,SA2,Female
83.0,1997.0,1914.0,0,0,0.20030481985978282,-1.6079149733957707,SA2,Female
84.0,1997.0,1913.0,0,0,0.20972788172929216,-1.5619443898302097,SA2,Female
50.0,1998.0,1948.0,0,0,0.0050069111897511126,-5.296936083009308,SA2,Female
51.0,1998.0,1947.0,0,0,0.005058246935618058,-5.286735311123755,SA2,Female
52.0,1998.0,1946.0,0,0,0.005956041567120379,-5.123349185151756,SA2,Female
53.0,1998.0,1945.0,0,0,0.006102161753996799,-5.0991121846816085,SA2,Female
54.0,1998.0,1944.0,0,0,0.006785298096451159,-4.992997052032376,SA2,Female
55.0,1998.0,1943.0,0,0,0.007697412983723521,-4.8668709827149295,SA2,Female
56.0,1998.0,1942.0,0,0,0.007959867153871229,-4.833342968477269,SA2,Female
57.0,1998.0,1941.0,0,0,0.009058095687152155,-4.704096370076118,SA2,Female
58.0,1998.0,1940.0,0,0,0.009587172423165096,-4.647329279947819,SA2,Female
59.0,1998.0,1939.0,0,0,0.010133643526787573,-4.591894348510442,SA2,Female
60.0,1998.0,1938.0,0,0,0.01091889564460266,-4.5172604452261504,SA2,Female
61.0,1998.0,1937.0,0,0,0.01273102487662734,-4.363713360884638,SA2,Female
62.0,1998.0,1936.0,0,0,0.01432837380176531,-4.245513525663609,SA2,Female
63.0,1998.0,1935.0,0,0,0.016104681234420055,-4.128645289352321,SA2,Female
64.0,1998.0,1934.0,0,0,0.017871150718512734,-4.024567558010872,SA2,Female
65.0,1998.0,1933.0,0,0,0.02028772481407219,-3.8977392647944615,SA2,Female
66.0,1998.0,1932.0,0,0,0.022406824693922855,-3.798389692688949,SA2,Female
67.0,1998.0,1931.0,0,0,0.02624840103228299,-3.640150204855666,SA2,Female
68.0,1998.0,1930.0,0,0,0.027635862619828488,-3.588640979426401,SA2,Female
69.0,1998.0,1929.0,0,0,0.030462617037640406,-3.491255018014708,SA2,Female
70.0,1998.0,1928.0,0,0,0.03608800195113276,-3.321794824810073,SA2,Female
71.0,1998.0,1927.0,0,0,0.040720653377365315,-3.201019861255502,SA2,Female
72.0,1998.0,1926.0,0,0,0.04764139188201021,-3.044053318254955,SA2,Female
73.0,1998.0,1925.0,0,0,0.05251673203129544,-2.946623454802315,SA2,Female
74.0,1998.0,1924.0,0,0,0.060865745497326165,-2.7990847338208873,SA2,Female
75.0,1998.0,1923.0,0,0,0.06968593214948231,-2.6637568158841827,SA2,Female
76.0,1998.0,1922.0,0,0,0.0876315723509777,-2.4346139310081645,SA2,Female
77.0,1998.0,1921.0,0,0,0.09238090847336558,-2.38183493993661,SA2,Female
78.0,1998.0,1920.0,0,0,0.0981679946379192,-2.3210750369293653,SA2,Female
79.0,1998.0,1919.0,0,0,0.11745705516327117,-2.141682500177091,SA2,Female
80.0,1998.0,1918.0,0,0,0.13330717320163435,-2.015099240779939,SA2,Female
81.0,1998.0,1917.0,0,0,0.14578009322679783,-1.9256560035249284,SA2,Female
82.0,1998.0,1916.0,0,0,0.17240674671036024,-1.7578987874674479,SA2,Female
83.0,1998.0,1915.0,0,0,0.1911575438561927,-1.6546573539831362,SA2,Female
84.0,1998.0,1914.0,0,0,0.21414856248214179,-1.5410852876113152,SA2,Female
50.0,1999.0,1949.0,0,0,0.004605595767334951,-5.380483243628858,SA2,Female
51.0,1999.0,1948.0,0,0,0.005378249486140491,-5.225392332077483,SA2,Female
52.0,1999.0,1947.0,0,0,0.005812278819153269,-5.147782561411474,SA2,Female
53.0,1999.0,1946.0,0,0,0.006101456381655768,-5.099227785208268,SA2,Female
54.0,1999.0,1945.0,0,0,0.006562542377290141,-5.026377193593413,SA2,Female
55.0,1999.0,1944.0,0,0,0.007261339711316627,-4.925190933930391,SA2,Female
56.0,1999.0,1943.0,0,0,0.007615183986214106,-4.877611131900738,SA2,Female
57.0,1999.0,1942.0,0,0,0.008470751083885307,-4.77113609846625,SA2,Female
58.0,1999.0,1941.0,0,0,0.009383275056423312,-4.668826423766962,SA2,Female
59.0,1999.0,1940.0,0,0,0.00980358972354431,-4.625006662055615,SA2,Female
60.0,1999.0,1939.0,0,0,0.01078739595055419,-4.529376867990678,SA2,Female
61.0,1999.0,1938.0,0,0,0.01212824840039582,-4.412217968728886,SA2,Female
62.0,1999.0,1937.0,0,0,0.014047643145547748,-4.26530064492144,SA2,Female
63.0,1999.0,1936.0,0,0,0.014875423359828228,-4.208044866790532,SA2,Female
64.0,1999.0,1935.0,0,0,0.01640911996187128,-4.109918003479588,SA2,Female
65.0,1999.0,1934.0,0,0,0.019415010552973407,-3.9417087722512214,SA2,Female
66.0,1999.0,1933.0,0,0,0.02270681193751327,-3.7850903141583765,SA2,Female
67.0,1999.0,1932.0,0,0,0.02437991124236259,-3.713995795527821,SA2,Female
68.0,1999.0,1931.0,0,0,0.026082229522424814,-3.646501057754523,SA2,Female
69.0,1999.0,1930.0,0,0,0.02970166106247311,-3.5165523067079993,SA2,Female
70.0,1999.0,1929.0,0,0,0.03425277430870776,-3.3739877158402694,SA2,Female
71.0,1999.0,1928.0,0,0,0.04177167331980113,-3.175536840949827,SA2,Female
72.0,1999.0,1927.0,0,0,0.045782982211354205,-3.083842824347964,SA2,Female
73.0,1999.0,1926.0,0,0,0.05260242198735972,-2.9449931149114623,SA2,Female
74.0,1999.0,1925.0,0,0,0.059157961128428645,-2.8275441054178625,SA2,Female
75.0,1999.0,1924.0,0,0,0.06745513860118395,-2.6962925153727806,SA2,Female
76.0,1999.0,1923.0,0,0,0.07422020700790062,-2.6007188342414675,SA2,Female
77.0,1999.0,1922.0,0,0,0.08872057787638254,-2.422263422476313,SA2,Female
78.0,1999.0,1921.0,0,0,0.09688518319746497,-2.33422867995596,SA2,Female
79.0,1999.0,1920.0,0,0,0.1114614095790159,-2.1940768504195836,SA2,Female
80.0,1999.0,1919.0,0,0,0.1344097320051427,-2.00686244276207,SA2,Female
81.0,1999.0,1918.0,0,0,0.13991406997840083,-1.9667268306850578,SA2,Female
82.0,1999.0,1917.0,0,0,0.15972746255997033,-1.8342862751139382,SA2,Female
83.0,1999.0,1916.0,0,0,0.17699820214931575,-1.7316157038083928,SA2,Female
84.0,1999.0,1915.0,0,0,0.2134371265669446,-1.5444129788317023,SA2,Female
50.0,2000.0,1950.0,0,0,0.004610230092143676,-5.379477511691206,SA2,Female
51.0,2000.0,1949.0,0,0,0.00499542252479211,-5.299233280911144,SA2,Female
52.0,2000.0,1948.0,0,0,0.005312138742890939,-5.237760748381974,SA2,Female
53.0,2000.0,1947.0,0,0,0.00599899804037027,-5.116162816970633,SA2,Female
54.0,2000.0,1946.0,0,0,0.006324060788591064,-5.0633937473169315,SA2,Female
55.0,2000.0,1945.0,0,0,0.0068110052674839345,-4.9892155533443185,SA2,Female
56.0,2000.0,1944.0,0,0,0.007173021638263095,-4.937428285215721,SA2,Female
57.0,2000.0,1943.0,0,0,0.008166909047587781,-4.807664771243524,SA2,Female
58.0,2000.0,1942.0,0,0,0.008901381027547717,-4.721548842647341,SA2,Female
59.0,2000.0,1941.0,0,0,0.009730493910357067,-4.632490622473673,SA2,Female
60.0,2000.0,1940.0,0,0,0.010934705763941645,-4.5158135329482425,SA2,Female
61.0,2000.0,1939.0,0,0,0.011882644189900714,-4.4326764149062905,SA2,Female
62.0,2000.0,1938.0,0,0,0.013407957394989447,-4.311906912828794,SA2,Female
63.0,2000.0,1937.0,0,0,0.014799362906097182,-4.213171146023937,SA2,Female
64.0,2000.0,1936.0,0,0,0.016134353412028526,-4.12680452790817,SA2,Female
65.0,2000.0,1935.0,0,0,0.017986102274603,-4.018155915160879,SA2,Female
66.0,2000.0,1934.0,0,0,0.021380055084591527,-3.845296796934323,SA2,Female
67.0,2000.0,1933.0,0,0,0.023442678380624752,-3.753197055416102,SA2,Female
68.0,2000.0,1932.0,0,0,0.02799156186674969,-3.575852176127353,SA2,Female
69.0,2000.0,1931.0,0,0,0.03085637543543115,-3.478411890810617,SA2,Female
70.0,2000.0,1930.0,0,0,0.03533043835806141,-3.3430104101573055,SA2,Female
71.0,2000.0,1929.0,0,0,0.0387379425448853,-3.2509357317351317,SA2,Female
72.0,2000.0,1928.0,0,0,0.04332498766957585,-3.139025727983489,SA2,Female
73.0,2000.0,1927.0,0,0,0.049877728986991124,-2.998180688737854,SA2,Female
74.0,2000.0,1926.0,0,0,0.05890075830488341,-2.8319013139612332,SA2,Female
75.0,2000.0,1925.0,0,0,0.06502783698196561,-2.7329398395031705,SA2,Female
76.0,2000.0,1924.0,0,0,0.07509122637679842,-2.5890515529115765,SA2,Female
77.0,2000.0,1923.0,0,0,0.0813142185919623,-2.50943438728988,SA2,Female
78.0,2000.0,1922.0,0,0,0.0960039528834564,-2.3433659124926662,SA2,Female
79.0,2000.0,1921.0,0,0,0.10933240649366353,-2.2133624364941364,SA2,Female
80.0,2000.0,1920.0,0,0,0.12477760316617617,-2.081222300961493,SA2,Female
81.0,2000.0,1919.0,0,0,0.13772949210521343,-1.9824637196715928,SA2,Female
82.0,2000.0,1918.0,0,0,0.15420148781564255,-1.8694951692895816,SA2,Female
83.0,2000.0,1917.0,0,0,0.18303444494711585,-1.698080920097853,SA2,Female
84.0,2000.0,1916.0,0,0,0.20921154361836528,-1.5644093684936178,SA2,Female
50.0,2001.0,1951.0,0,0,0.004769251890688854,-5.345565822715565,SA2,Female
51.0,2001.0,1950.0,0,0,0.004768892599449579,-5.3456411604795955,SA2,Female
52.0,2001.0,1949.0,0,0,0.005430930807207794,-5.215644740351631,SA2,Female
53.0,2001.0,1948.0,0,0,0.006140647567522065,-5.092825075361204,SA2,Female
54.0,2001.0,1947.0,0,0,0.006243654982633212,-5.076189533679888,SA2,Female
55.0,2001.0,1946.0,0,0,0.006607300702631128,-5.019580074236426,SA2,Female
56.0,2001.0,1945.0,0,0,0.007357566411583751,-4.912026051518349,SA2,Female
57.0,2001.0,1944.0,0,0,0.00804761203803802,-4.822379872795893,SA2,Female
58.0,2001.0,1943.0,0,0,0.00976900057164918,-4.628541113794681,SA2,Female
59.0,2001.0,1942.0,0,0,0.009477878457934606,-4.658794779117338,SA2,Female
60.0,2001.0,1941.0,0,0,0.010644620664994824,-4.5427006163120485,SA2,Female
61.0,2001.0,1940.0,0,0,0.011784151737319509,-4.440999723350101,SA2,Female
62.0,2001.0,1939.0,0,0,0.013854458270284118,-4.2791482013750235,SA2,Female
63.0,2001.0,1938.0,0,0,0.015296890337059627,-4.180105717184818,SA2,Female
64.0,2001.0,1937.0,0,0,0.01715556207827082,-4.065432838517666,SA2,Female
65.0,2001.0,1936.0,0,0,0.01859547909828948,-3.9848367870384123,SA2,Female
66.0,2001.0,1935.0,0,0,0.021757056067752554,-3.8278171571510673,SA2,Female
67.0,2001.0,1934.0,0,0,0.02360454688223912,-3.7463159210063366,SA2,Female
68.0,2001.0,1933.0,0,0,0.02586419769700008,-3.6548955948749455,SA2,Female
69.0,2001.0,1932.0,0,0,0.031211098524626432,-3.4669815254775957,SA2,Female
70.0,2001.0,1931.0,0,0,0.03440386175131513,-3.3695864606908414,SA2,Female
71.0,2001.0,1930.0,0,0,0.039747739352142965,-3.2252023111432515,SA2,Female
72.0,2001.0,1929.0,0,0,0.043582999751642044,-3.1330881186165236,SA2,Female
73.0,2001.0,1928.0,0,0,0.04990192499979415,-2.9976956998185598,SA2,Female
74.0,2001.0,1927.0,0,0,0.05636847920478276,-2.8758451560572222,SA2,Female
75.0,2001.0,1926.0,0,0,0.06347302024396483,-2.7571403414175415,SA2,Female
76.0,2001.0,1925.0,0,0,0.07123685494056853,-2.6417449689163273,SA2,Female
77.0,2001.0,1924.0,0,0,0.08350278621589077,-2.4828752798270424,SA2,Female
78.0,2001.0,1923.0,0,0,0.09837218295087323,-2.3189972084779806,SA2,Female
79.0,2001.0,1922.0,0,0,0.10478827718731633,-2.255813372251522,SA2,Female
80.0,2001.0,1921.0,0,0,0.12347464497041864,-2.0917194478750822,SA2,Female
81.0,2001.0,1920.0,0,0,0.13947958116447953,-1.9698370600148738,SA2,Female
82.0,2001.0,1919.0,0,0,0.15430306432103205,-1.8688366603090394,SA2,Female
83.0,2001.0,1918.0,0,0,0.17065716717837054,-1.7680986052241086,SA2,Female
84.0,2001.0,1917.0,0,0,0.20390646508440294,-1.5900938947714653,SA2,Female
50.0,2002.0,1952.0,0,0,0.004517443861268284,-5.3998089625218055,SA2,Female
51.0,2002.0,1951.0,0,0,0.005022227183236639,-5.293881781668054,SA2,Female
52.0,2002.0,1950.0,0,0,0.005208040811275257,-5.257551537840202,SA2,Female
53.0,2002.0,1949.0,0,0,0.005918255651141866,-5.129713527028435,SA2,Female
54.0,2002.0,1948.0,0,0,0.006471114122681628,-5.040406987043107,SA2,Female
55.0,2002.0,1947.0,0,0,0.006904461017032544,-4.975587552078046,SA2,Female
56.0,2002.0,1946.0,0,0,0.007442810810405633,-4.9005067043869595,SA2,Female
57.0,2002.0,1945.0,0,0,0.008187950754335201,-4.805091625571576,SA2,Female
58.0,2002.0,1944.0,0,0,0.009083850262622116,-4.701257138513815,SA2,Female
59.0,2002.0,1943.0,0,0,0.010498083824050528,-4.556562531420092,SA2,Female
60.0,2002.0,1942.0,0,0,0.011035289947117971,-4.50665696439271,SA2,Female
61.0,2002.0,1941.0,0,0,0.011574319713167377,-4.458966452817558,SA2,Female
62.0,2002.0,1940.0,0,0,0.013264316902879308,-4.322677788920497,SA2,Female
63.0,2002.0,1939.0,0,0,0.013837078507137576,-4.280403441600096,SA2,Female
64.0,2002.0,1938.0,0,0,0.01600119692271234,-4.135091751870789,SA2,Female
65.0,2002.0,1937.0,0,0,0.019207951021462614,-3.9524309699694653,SA2,Female
66.0,2002.0,1936.0,0,0,0.02111925162147169,-3.857570255361305,SA2,Female
67.0,2002.0,1935.0,0,0,0.02436727329336338,-3.714514305443941,SA2,Female
68.0,2002.0,1934.0,0,0,0.026314823987981104,-3.6376228488561417,SA2,Female
69.0,2002.0,1933.0,0,0,0.03041648052317239,-3.492770694992485,SA2,Female
70.0,2002.0,1932.0,0,0,0.033995762050670945,-3.3815194077033817,SA2,Female
71.0,2002.0,1931.0,0,0,0.038743581984055524,-3.2507901631182397,SA2,Female
72.0,2002.0,1930.0,0,0,0.04488092651886894,-3.103742373620963,SA2,Female
73.0,2002.0,1929.0,0,0,0.049188679401655507,-3.012091775421723,SA2,Female
74.0,2002.0,1928.0,0,0,0.057212609367895545,-2.8609809613958044,SA2,Female
75.0,2002.0,1927.0,0,0,0.0642561503137339,-2.7448778350607514,SA2,Female
76.0,2002.0,1926.0,0,0,0.07594951800598895,-2.577686396162086,SA2,Female
77.0,2002.0,1925.0,0,0,0.08330916947910673,-2.4851966580870615,SA2,Female
78.0,2002.0,1924.0,0,0,0.09693833533975481,-2.333680220780073,SA2,Female
79.0,2002.0,1923.0,0,0,0.10751598966992267,-2.230115701359723,SA2,Female
80.0,2002.0,1922.0,0,0,0.1165448111344949,-2.1494794350019926,SA2,Female
81.0,2002.0,1921.0,0,0,0.1439380025859358,-1.9383726097117264,SA2,Female
82.0,2002.0,1920.0,0,0,0.15785024867707073,-1.8461084885782324,SA2,Female
83.0,2002.0,1919.0,0,0,0.1756882656523228,-1.7390440722896052,SA2,Female
84.0,2002.0,1918.0,0,0,0.20083627255898634,-1.6052652672440497,SA2,Female
50.0,2003.0,1953.0,0,0,0.004656846787231949,-5.369416714979409,SA2,Female
51.0,2003.0,1952.0,0,0,0.005058011982159571,-5.286781761785099,SA2,Female
52.0,2003.0,1951.0,0,0,0.00545816656042033,-5.210642340411831,SA2,Female
53.0,2003.0,1950.0,0,0,0.005792258144412072,-5.1512330557599775,SA2,Female
54.0,2003.0,1949.0,0,0,0.006360247361445062,-5.057688009077459,SA2,Female
55.0,2003.0,1948.0,0,0,0.007258915772426381,-4.925524803939149,SA2,Female
56.0,2003.0,1947.0,0,0,0.007401974051910128,-4.9060085505755024,SA2,Female
57.0,2003.0,1946.0,0,0,0.008138541917229928,-4.811144240660032,SA2,Female
58.0,2003.0,1945.0,0,0,0.008834065617415144,-4.729139938009359,SA2,Female
59.0,2003.0,1944.0,0,0,0.00921962698195491,-4.686420699720682,SA2,Female
60.0,2003.0,1943.0,0,0,0.01086905810668609,-4.52183523232226,SA2,Female
61.0,2003.0,1942.0,0,0,0.012091270827680894,-4.41527150592742,SA2,Female
62.0,2003.0,1941.0,0,0,0.013885050331238312,-4.2769425333658235,SA2,Female
63.0,2003.0,1940.0,0,0,0.014472131576896412,-4.235530439105127,SA2,Female
64.0,2003.0,1939.0,0,0,0.016447893303064186,-4.107557876655022,SA2,Female
65.0,2003.0,1938.0,0,0,0.02009161242225994,-3.9074528434326985,SA2,Female
66.0,2003.0,1937.0,0,0,0.02033633620317383,-3.8953460322575637,SA2,Female
67.0,2003.0,1936.0,0,0,0.02395232558921051,-3.7316898579933415,SA2,Female
68.0,2003.0,1935.0,0,0,0.027151919319500718,-3.606307541933223,SA2,Female
69.0,2003.0,1934.0,0,0,0.030489062048534635,-3.490387281048309,SA2,Female
70.0,2003.0,1933.0,0,0,0.03333067949890454,-3.4012769998644643,SA2,Female
71.0,2003.0,1932.0,0,0,0.03974843724930872,-3.2251847531374302,SA2,Female
72.0,2003.0,1931.0,0,0,0.04497996457761939,-3.1015381199652974,SA2,Female
73.0,2003.0,1930.0,0,0,0.05005550535107439,-2.9946227822456732,SA2,Female
74.0,2003.0,1929.0,0,0,0.057106015986027256,-2.8628458090954605,SA2,Female
75.0,2003.0,1928.0,0,0,0.06415685119827276,-2.7464243939618638,SA2,Female
76.0,2003.0,1927.0,0,0,0.06974298960221305,-2.662938370827032,SA2,Female
77.0,2003.0,1926.0,0,0,0.08448392812680786,-2.4711939623920096,SA2,Female
78.0,2003.0,1925.0,0,0,0.0975953870502737,-2.326925050509223,SA2,Female
79.0,2003.0,1924.0,0,0,0.10388559851414297,-2.2644649995876174,SA2,Female
80.0,2003.0,1923.0,0,0,0.11816683228827382,-2.1356578200857563,SA2,Female
81.0,2003.0,1922.0,0,0,0.1358347508093574,-1.9963161996174656,SA2,Female
82.0,2003.0,1921.0,0,0,0.16465741540795387,-1.8038882337736506,SA2,Female
83.0,2003.0,1920.0,0,0,0.17201618962509788,-1.760166680870919,SA2,Female
84.0,2003.0,1919.0,0,0,0.19796774503673983,-1.6196511654127252,SA2,Female
50.0,2004.0,1954.0,0,0,0.004404861098407916,-5.42504655280219,SA2,Female
51.0,2004.0,1953.0,0,0,0.005134640903650084,-5.271745369176398,SA2,Female
52.0,2004.0,1952.0,0,0,0.005303500887689968,-5.239388131640623,SA2,Female
53.0,2004.0,1951.0,0,0,0.005945525908202187,-5.125116290480764,SA2,Female
54.0,2004.0,1950.0,0,0,0.006778280057764882,-4.994031888007481,SA2,Female
55.0,2004.0,1949.0,0,0,0.006473097313956381,-5.040100565705665,SA2,Female
56.0,2004.0,1948.0,0,0,0.00763110751678936,-4.875522291298158,SA2,Female
57.0,2004.0,1947.0,0,0,0.008367110081173303,-4.7834467251670425,SA2,Female
58.0,2004.0,1946.0,0,0,0.009575582553368047,-4.648538904683346,SA2,Female
59.0,2004.0,1945.0,0,0,0.010000297661764957,-4.6051404202546,SA2,Female
60.0,2004.0,1944.0,0,0,0.011010847741605023,-4.508874333790715,SA2,Female
61.0,2004.0,1943.0,0,0,0.012051740053905862,-4.418546226656791,SA2,Female
62.0,2004.0,1942.0,0,0,0.012827304515913133,-4.3561792147175495,SA2,Female
63.0,2004.0,1941.0,0,0,0.01531966917863401,-4.178617708986789,SA2,Female
64.0,2004.0,1940.0,0,0,0.016301104279896558,-4.116522426231243,SA2,Female
65.0,2004.0,1939.0,0,0,0.01876482001414618,-3.9757714380134317,SA2,Female
66.0,2004.0,1938.0,0,0,0.020398101139067915,-3.89231346388255,SA2,Female
67.0,2004.0,1937.0,0,0,0.023938459189587473,-3.732268942260788,SA2,Female
68.0,2004.0,1936.0,0,0,0.0273525791224204,-3.598944453923229,SA2,Female
69.0,2004.0,1935.0,0,0,0.0293079983993937,-3.529894817297711,SA2,Female
70.0,2004.0,1934.0,0,0,0.03576131289350709,-3.3308886153265194,SA2,Female
71.0,2004.0,1933.0,0,0,0.03893639889725711,-3.2458257615564445,SA2,Female
72.0,2004.0,1932.0,0,0,0.04306677685038666,-3.1450034178595074,SA2,Female
73.0,2004.0,1931.0,0,0,0.050159919202344395,-2.992538993457326,SA2,Female
74.0,2004.0,1930.0,0,0,0.056988422146443875,-2.864907152017123,SA2,Female
75.0,2004.0,1929.0,0,0,0.0639130528022884,-2.7502316692523703,SA2,Female
76.0,2004.0,1928.0,0,0,0.07109102822937367,-2.643794135375846,SA2,Female
77.0,2004.0,1927.0,0,0,0.08821077760030938,-2.4280261284197486,SA2,Female
78.0,2004.0,1926.0,0,0,0.09279332486130534,-2.3773805721509604,SA2,Female
79.0,2004.0,1925.0,0,0,0.09913503840481995,-2.3112723339924837,SA2,Female
80.0,2004.0,1924.0,0,0,0.12410941195740859,-2.086591747927763,SA2,Female
81.0,2004.0,1923.0,0,0,0.12888414564531603,-2.048841373922841,SA2,Female
82.0,2004.0,1922.0,0,0,0.1607499645363033,-1.827905136478409,SA2,Female
83.0,2004.0,1921.0,0,0,0.17677854864369305,-1.7328574673406507,SA2,Female
84.0,2004.0,1920.0,0,0,0.21128189681053217,-1.554562033323733,SA2,Female
50.0,2005.0,1955.0,0,0,0.004892892605075823,-5.319971615602758,SA2,Female
51.0,2005.0,1954.0,0,0,0.005360267092952107,-5.228741474366291,SA2,Female
52.0,2005.0,1953.0,0,0,0.005836492674377895,-5.143625232011915,SA2,Female
53.0,2005.0,1952.0,0,0,0.00617140390792375,-5.087828929196616,SA2,Female
54.0,2005.0,1951.0,0,0,0.006387788776378837,-5.0533671148650265,SA2,Female
55.0,2005.0,1950.0,0,0,0.0073470322429745666,-4.913458823763104,SA2,Female
56.0,2005.0,1949.0,0,0,0.008037086854768848,-4.823688592945591,SA2,Female
57.0,2005.0,1948.0,0,0,0.008419106651554858,-4.7772515547468934,SA2,Female
58.0,2005.0,1947.0,0,0,0.009259498048555899,-4.682105438212719,SA2,Female
59.0,2005.0,1946.0,0,0,0.010766595379712304,-4.531306958522908,SA2,Female
60.0,2005.0,1945.0,0,0,0.011353166600696836,-4.478258578310667,SA2,Female
61.0,2005.0,1944.0,0,0,0.01281635547443381,-4.357033152271611,SA2,Female
62.0,2005.0,1943.0,0,0,0.014514404507144035,-4.232613708379237,SA2,Female
63.0,2005.0,1942.0,0,0,0.017578953435835067,-4.041052920019642,SA2,Female
64.0,2005.0,1941.0,0,0,0.016769869167373285,-4.088171504765211,SA2,Female
65.0,2005.0,1940.0,0,0,0.018967976202665576,-3.965003184824123,SA2,Female
66.0,2005.0,1939.0,0,0,0.02119466817207481,-3.8540056302531562,SA2,Female
67.0,2005.0,1938.0,0,0,0.023176556601207383,-3.764614002527698,SA2,Female
68.0,2005.0,1937.0,0,0,0.028039219595459453,-3.5741510490340356,SA2,Female
69.0,2005.0,1936.0,0,0,0.030566695567562443,-3.487844242884596,SA2,Female
70.0,2005.0,1935.0,0,0,0.03409083796806904,-3.378726612082248,SA2,Female
71.0,2005.0,1934.0,0,0,0.040817842580176775,-3.1986359750261424,SA2,Female
72.0,2005.0,1933.0,0,0,0.04374076549164697,-3.1294747629345068,SA2,Female
73.0,2005.0,1932.0,0,0,0.04803061873264493,-3.0359165811763256,SA2,Female
74.0,2005.0,1931.0,0,0,0.05508876017150594,-2.8988095732598236,SA2,Female
75.0,2005.0,1930.0,0,0,0.06428320864933035,-2.7444568225986634,SA2,Female
76.0,2005.0,1929.0,0,0,0.07474657227499353,-2.5936519236156825,SA2,Female
77.0,2005.0,1928.0,0,0,0.08277187852227723,-2.4916669066521835,SA2,Female
78.0,2005.0,1927.0,0,0,0.09716544878047938,-2.3313400959298867,SA2,Female
79.0,2005.0,1926.0,0,0,0.10660090603237053,-2.238663267920935,SA2,Female
80.0,2005.0,1925.0,0,0,0.1264053725567115,-2.0682612937683036,SA2,Female
81.0,2005.0,1924.0,0,0,0.136965841051734,-1.988023719632051,SA2,Female
82.0,2005.0,1923.0,0,0,0.14894711262531746,-1.9041639848692948,SA2,Female
83.0,2005.0,1922.0,0,0,0.16769110153884045,-1.7856316733446973,SA2,Female
84.0,2005.0,1921.0,0,0,0.21327075968036954,-1.5451927483197612,SA2,Female
50.0,2006.0,1956.0,0,0,0.005011523186588674,-5.296015380833677,SA2,Female
51.0,2006.0,1955.0,0,0,0.005381794814185473,-5.224733351858754,SA2,Female
52.0,2006.0,1954.0,0,0,0.005413162415643608,-5.218921806880018,SA2,Female
53.0,2006.0,1953.0,0,0,0.005712607697826376,-5.165079669928348,SA2,Female
54.0,2006.0,1952.0,0,0,0.006372918784534667,-5.055697706410035,SA2,Female
55.0,2006.0,1951.0,0,0,0.007043584000515262,-4.955638147372754,SA2,Female
56.0,2006.0,1950.0,0,0,0.007801605139524565,-4.853425779339322,SA2,Female
57.0,2006.0,1949.0,0,0,0.008708584153782657,-4.743446055431804,SA2,Female
58.0,2006.0,1948.0,0,0,0.009327971569980782,-4.674737697193741,SA2,Female
59.0,2006.0,1947.0,0,0,0.010363898406882085,-4.569426818831082,SA2,Female
60.0,2006.0,1946.0,0,0,0.011312772909317004,-4.481822845666577,SA2,Female
61.0,2006.0,1945.0,0,0,0.013099819863841618,-4.33515679972136,SA2,Female
62.0,2006.0,1944.0,0,0,0.014121978526157684,-4.260022934484119,SA2,Female
63.0,2006.0,1943.0,0,0,0.015666571103096424,-4.156226065761148,SA2,Female
64.0,2006.0,1942.0,0,0,0.019122892647904437,-3.9568690936855853,SA2,Female
65.0,2006.0,1941.0,0,0,0.01918625538371822,-3.9535611217337525,SA2,Female
66.0,2006.0,1940.0,0,0,0.021292978304459115,-3.8493779176832406,SA2,Female
67.0,2006.0,1939.0,0,0,0.02566591168755859,-3.6625915609996302,SA2,Female
68.0,2006.0,1938.0,0,0,0.02886475099127944,-3.5451341171726742,SA2,Female
69.0,2006.0,1937.0,0,0,0.030061198432417436,-3.5045200274407913,SA2,Female
70.0,2006.0,1936.0,0,0,0.035465480905972985,-3.339195424403867,SA2,Female
71.0,2006.0,1935.0,0,0,0.04091283732841975,-3.196311394070106,SA2,Female
72.0,2006.0,1934.0,0,0,0.044090932133953674,-3.1215011382174076,SA2,Female
73.0,2006.0,1933.0,0,0,0.05381012741883833,-2.922293587543855,SA2,Female
74.0,2006.0,1932.0,0,0,0.059961923730563006,-2.814045522697313,SA2,Female
75.0,2006.0,1931.0,0,0,0.0646493670135021,-2.738776964786648,SA2,Female
76.0,2006.0,1930.0,0,0,0.0741776416438846,-2.601292499770585,SA2,Female
77.0,2006.0,1929.0,0,0,0.07927515137464808,-2.5348305490717147,SA2,Female
78.0,2006.0,1928.0,0,0,0.09795230839881057,-2.323274567755346,SA2,Female
79.0,2006.0,1927.0,0,0,0.11876619111906694,-2.130598499095867,SA2,Female
80.0,2006.0,1926.0,0,0,0.12586705895099362,-2.0725290167180246,SA2,Female
81.0,2006.0,1925.0,0,0,0.1436021208710756,-1.9407088531798944,SA2,Female
82.0,2006.0,1924.0,0,0,0.1638527965352334,-1.8087868363281983,SA2,Female
83.0,2006.0,1923.0,0,0,0.1876595864374216,-1.6731256679091822,SA2,Female
84.0,2006.0,1922.0,0,0,0.20739018657069577,-1.573153300744472,SA2,Female
50.0,2007.0,1957.0,0,0,0.0050693121440014595,-5.28455014237788,SA2,Female
51.0,2007.0,1956.0,0,0,0.005364289843350029,-5.227991280095241,SA2,Female
52.0,2007.0,1955.0,0,0,0.0059979718538049846,-5.116333891263031,SA2,Female
53.0,2007.0,1954.0,0,0,0.006077216479063496,-5.103208503777281,SA2,Female
54.0,2007.0,1953.0,0,0,0.007055318748710575,-4.953973514157846,SA2,Female
55.0,2007.0,1952.0,0,0,0.007409472500720892,-4.90499602969515,SA2,Female
56.0,2007.0,1951.0,0,0,0.00812207663859286,-4.813169413836317,SA2,Female
57.0,2007.0,1950.0,0,0,0.009119764792599112,-4.697311265513657,SA2,Female
58.0,2007.0,1949.0,0,0,0.009850804383232749,-4.620202163860043,SA2,Female
59.0,2007.0,1948.0,0,0,0.010864124404392697,-4.522289257164285,SA2,Female
60.0,2007.0,1947.0,0,0,0.01160932459947327,-4.455946658997822,SA2,Female
61.0,2007.0,1946.0,0,0,0.013079716497296058,-4.33669260770663,SA2,Female
62.0,2007.0,1945.0,0,0,0.01448365285017872,-4.234734655180203,SA2,Female
63.0,2007.0,1944.0,0,0,0.016904465500691152,-4.080177461145794,SA2,Female
64.0,2007.0,1943.0,0,0,0.018620106476492485,-3.98351328875577,SA2,Female
65.0,2007.0,1942.0,0,0,0.020010911898126947,-3.9114775593045854,SA2,Female
66.0,2007.0,1941.0,0,0,0.024832408184282062,-3.695605697282905,SA2,Female
67.0,2007.0,1940.0,0,0,0.024836013037803736,-3.6954605405237686,SA2,Female
68.0,2007.0,1939.0,0,0,0.026892542102246248,-3.6159062760835745,SA2,Female
69.0,2007.0,1938.0,0,0,0.03243407745943032,-3.428545635470802,SA2,Female
70.0,2007.0,1937.0,0,0,0.03850369083745323,-3.257001176375365,SA2,Female
71.0,2007.0,1936.0,0,0,0.041616630381781095,-3.1792554228083585,SA2,Female
72.0,2007.0,1935.0,0,0,0.04576596616507171,-3.084214560927798,SA2,Female
73.0,2007.0,1934.0,0,0,0.05348686207151971,-2.9283192239937614,SA2,Female
74.0,2007.0,1933.0,0,0,0.05933067100929384,-2.8246288889947575,SA2,Female
75.0,2007.0,1932.0,0,0,0.06589085674303416,-2.7197555915148355,SA2,Female
76.0,2007.0,1931.0,0,0,0.07725959320450378,-2.56058418703739,SA2,Female
77.0,2007.0,1930.0,0,0,0.08049300756133548,-2.5195849609224985,SA2,Female
78.0,2007.0,1929.0,0,0,0.097855360643106,-2.324264802347289,SA2,Female
79.0,2007.0,1928.0,0,0,0.11560389178650168,-2.157585657337348,SA2,Female
80.0,2007.0,1927.0,0,0,0.12852071505962875,-2.0516651809495468,SA2,Female
81.0,2007.0,1926.0,0,0,0.14183572271576578,-1.9530857733690876,SA2,Female
82.0,2007.0,1925.0,0,0,0.170002065114958,-1.7719446942706114,SA2,Female
83.0,2007.0,1924.0,0,0,0.1869832158239506,-1.676736421107903,SA2,Female
84.0,2007.0,1923.0,0,0,0.19902529484217593,-1.6143233525757277,SA2,Female
50.0,2008.0,1958.0,0,0,0.004970834613640656,-5.304167522662325,SA2,Female
51.0,2008.0,1957.0,0,0,0.005552823536501331,-5.193448735275262,SA2,Female
52.0,2008.0,1956.0,0,0,0.005701388619632181,-5.167045516332222,SA2,Female
53.0,2008.0,1955.0,0,0,0.0065378608083726825,-5.03014526054078,SA2,Female
54.0,2008.0,1954.0,0,0,0.006817296261936381,-4.9882923282622045,SA2,Female
55.0,2008.0,1953.0,0,0,0.007802380688586422,-4.853326375370228,SA2,Female
56.0,2008.0,1952.0,0,0,0.008849170925706364,-4.727431505061756,SA2,Female
57.0,2008.0,1951.0,0,0,0.008756168799541093,-4.737996821350524,SA2,Female
58.0,2008.0,1950.0,0,0,0.010871879073625813,-4.521575724930085,SA2,Female
59.0,2008.0,1949.0,0,0,0.010895812693590478,-4.519376720105402,SA2,Female
60.0,2008.0,1948.0,0,0,0.012163574673781053,-4.409309475761486,SA2,Female
61.0,2008.0,1947.0,0,0,0.01348443929336539,-4.3062189032797304,SA2,Female
62.0,2008.0,1946.0,0,0,0.014678576919363771,-4.221366200592598,SA2,Female
63.0,2008.0,1945.0,0,0,0.017862076713777895,-4.02507543292629,SA2,Female
64.0,2008.0,1944.0,0,0,0.018048787997201794,-4.0146767434271355,SA2,Female
65.0,2008.0,1943.0,0,0,0.021379423317370277,-3.8453263467438576,SA2,Female
66.0,2008.0,1942.0,0,0,0.02385390786095936,-3.7358072234574444,SA2,Female
67.0,2008.0,1941.0,0,0,0.026226022107419058,-3.6410031509151626,SA2,Female
68.0,2008.0,1940.0,0,0,0.028895930163410008,-3.5440545185759946,SA2,Female
69.0,2008.0,1939.0,0,0,0.0332593499874089,-3.4034193487814837,SA2,Female
70.0,2008.0,1938.0,0,0,0.03633761874431875,-3.3149017452849727,SA2,Female
71.0,2008.0,1937.0,0,0,0.041882950526347905,-3.172876443542894,SA2,Female
72.0,2008.0,1936.0,0,0,0.04676812590447067,-3.062553378509646,SA2,Female
73.0,2008.0,1935.0,0,0,0.05378078013203225,-2.9228391222586736,SA2,Female
74.0,2008.0,1934.0,0,0,0.06074226516474301,-2.8011155272587245,SA2,Female
75.0,2008.0,1933.0,0,0,0.06607559610158706,-2.7169557969420577,SA2,Female
76.0,2008.0,1932.0,0,0,0.07330589100671174,-2.6131143048780863,SA2,Female
77.0,2008.0,1931.0,0,0,0.0862048417661551,-2.45102893390899,SA2,Female
78.0,2008.0,1930.0,0,0,0.09673759199998982,-2.3357532033588524,SA2,Female
79.0,2008.0,1929.0,0,0,0.11220165395666323,-2.1874575448554596,SA2,Female
80.0,2008.0,1928.0,0,0,0.13101386715832408,-2.0324521052129416,SA2,Female
81.0,2008.0,1927.0,0,0,0.14280103967478608,-1.9463029484674,SA2,Female
82.0,2008.0,1926.0,0,0,0.16076320237999278,-1.8278227893457928,SA2,Female
83.0,2008.0,1925.0,0,0,0.17104134272115945,-1.765849981402028,SA2,Female
84.0,2008.0,1924.0,0,0,0.20616224425457824,-1.5790918267127128,SA2,Female
50.0,2009.0,1959.0,0,0,0.005440560592793409,-5.21387317327774,SA2,Female
51.0,2009.0,1958.0,0,0,0.005790579879257723,-5.1515228405541125,SA2,Female
52.0,2009.0,1957.0,0,0,0.006137112844864318,-5.093400868117648,SA2,Female
53.0,2009.0,1956.0,0,0,0.006808486388955279,-4.989585446526959,SA2,Female
54.0,2009.0,1955.0,0,0,0.0076128507141813885,-4.877917576178924,SA2,Female
55.0,2009.0,1954.0,0,0,0.008057687601276689,-4.821128661731364,SA2,Female
56.0,2009.0,1953.0,0,0,0.008860026566608122,-4.726205515881142,SA2,Female
57.0,2009.0,1952.0,0,0,0.009294060668580224,-4.678379720625977,SA2,Female
58.0,2009.0,1951.0,0,0,0.010995007731366285,-4.510313951804556,SA2,Female
59.0,2009.0,1950.0,0,0,0.011154310658664462,-4.495929249630667,SA2,Female
60.0,2009.0,1949.0,0,0,0.013573364181803542,-4.299645922684368,SA2,Female
61.0,2009.0,1948.0,0,0,0.014328007342778686,-4.245539101746283,SA2,Female
62.0,2009.0,1947.0,0,0,0.015298463273434188,-4.18000289527297,SA2,Female
63.0,2009.0,1946.0,0,0,0.017729381234242416,-4.0325320588709275,SA2,Female
64.0,2009.0,1945.0,0,0,0.020195569732750742,-3.902292018790016,SA2,Female
65.0,2009.0,1944.0,0,0,0.022845794781308847,-3.778988214407529,SA2,Female
66.0,2009.0,1943.0,0,0,0.02487351098691527,-3.693951857551653,SA2,Female
67.0,2009.0,1942.0,0,0,0.0256200326838794,-3.664380706796978,SA2,Female
68.0,2009.0,1941.0,0,0,0.030047797291613887,-3.5049659221314,SA2,Female
69.0,2009.0,1940.0,0,0,0.03333846336841772,-3.401043492451176,SA2,Female
70.0,2009.0,1939.0,0,0,0.035328241437357126,-3.343072594186539,SA2,Female
71.0,2009.0,1938.0,0,0,0.043958774968263115,-3.124503016798995,SA2,Female
72.0,2009.0,1937.0,0,0,0.0480720753037379,-3.0350538254735815,SA2,Female
73.0,2009.0,1936.0,0,0,0.054032024151337475,-2.918178368356913,SA2,Female
74.0,2009.0,1935.0,0,0,0.05508833355493536,-2.8988173174570275,SA2,Female
75.0,2009.0,1934.0,0,0,0.06582250425140511,-2.720793489223146,SA2,Female
76.0,2009.0,1933.0,0,0,0.07224299243136717,-2.6277199472627975,SA2,Female
77.0,2009.0,1932.0,0,0,0.08748336040268984,-2.4363066705289738,SA2,Female
78.0,2009.0,1931.0,0,0,0.09493412343321286,-2.354572065465744,SA2,Female
79.0,2009.0,1930.0,0,0,0.11268739858481731,-2.1831376779873493,SA2,Female
80.0,2009.0,1929.0,0,0,0.12480805787833923,-2.0809782587982792,SA2,Female
81.0,2009.0,1928.0,0,0,0.13623158209475714,-1.9933990318622425,SA2,Female
82.0,2009.0,1927.0,0,0,0.16635002121087217,-1.7936611490101622,SA2,Female
83.0,2009.0,1926.0,0,0,0.18141267772005243,-1.7069808555400119,SA2,Female
84.0,2009.0,1925.0,0,0,0.20615267376861474,-1.579138249898229,SA2,Female
50.0,2010.0,1960.0,0,0,0.005705264162108141,-5.1663659931277826,SA2,Female
51.0,2010.0,1959.0,0,0,0.005968040932345084,-5.121336557467287,SA2,Female
52.0,2010.0,1958.0,0,0,0.0061309632119398525,-5.09440341055561,SA2,Female
53.0,2010.0,1957.0,0,0,0.006884747244554844,-4.978446858505909,SA2,Female
54.0,2010.0,1956.0,0,0,0.007675433827864871,-4.869730462303102,SA2,Female
55.0,2010.0,1955.0,0,0,0.008346146164876906,-4.785955383800912,SA2,Female
56.0,2010.0,1954.0,0,0,0.00962969284948819,-4.642903948853331,SA2,Female
57.0,2010.0,1953.0,0,0,0.009498444288811931,-4.656627252858051,SA2,Female
58.0,2010.0,1952.0,0,0,0.011321459344089731,-4.48105529719381,SA2,Female
59.0,2010.0,1951.0,0,0,0.011453389795891401,-4.46946954075373,SA2,Female
60.0,2010.0,1950.0,0,0,0.012868014038281916,-4.3530105786608235,SA2,Female
61.0,2010.0,1949.0,0,0,0.01425549753812543,-4.250612654516981,SA2,Female
62.0,2010.0,1948.0,0,0,0.015476140744038554,-4.16845574784311,SA2,Female
63.0,2010.0,1947.0,0,0,0.018056798939000505,-4.014232992605728,SA2,Female
64.0,2010.0,1946.0,0,0,0.0205435008993766,-3.88521064599786,SA2,Female
65.0,2010.0,1945.0,0,0,0.021224564503892665,-3.8525960650685973,SA2,Female
66.0,2010.0,1944.0,0,0,0.024482070551352455,-3.709814243568715,SA2,Female
67.0,2010.0,1943.0,0,0,0.02716620199788822,-3.605781651921924,SA2,Female
68.0,2010.0,1942.0,0,0,0.030811820938186962,-3.4798568659393387,SA2,Female
69.0,2010.0,1941.0,0,0,0.03538409682867852,-3.3414928019096104,SA2,Female
70.0,2010.0,1940.0,0,0,0.03829989760899305,-3.2623080561935476,SA2,Female
71.0,2010.0,1939.0,0,0,0.045218510269553154,-3.096248756736167,SA2,Female
72.0,2010.0,1938.0,0,0,0.04692169048553086,-3.059275226742509,SA2,Female
73.0,2010.0,1937.0,0,0,0.05255901128787428,-2.945818716096216,SA2,Female
74.0,2010.0,1936.0,0,0,0.05833754786485316,-2.8415093472248056,SA2,Female
75.0,2010.0,1935.0,0,0,0.06578505617281827,-2.721362576279798,SA2,Female
76.0,2010.0,1934.0,0,0,0.07340804932939164,-2.6117216854861423,SA2,Female
77.0,2010.0,1933.0,0,0,0.08833112122767534,-2.4266627846831605,SA2,Female
78.0,2010.0,1932.0,0,0,0.09373024456803979,-2.367334360944742,SA2,Female
79.0,2010.0,1931.0,0,0,0.10928510008764396,-2.2137952143397692,SA2,Female
80.0,2010.0,1930.0,0,0,0.1214358011806927,-2.108369541190356,SA2,Female
81.0,2010.0,1929.0,0,0,0.1407912777189655,-1.9604767851957638,SA2,Female
82.0,2010.0,1928.0,0,0,0.1586229707343468,-1.841225145878292,SA2,Female
83.0,2010.0,1927.0,0,0,0.17273747052432364,-1.7559823484910975,SA2,Female
84.0,2010.0,1926.0,0,0,0.20894445153558913,-1.5656868444700227,SA2,Female
50.0,2011.0,1961.0,0,0,0.005735706462344032,-5.1610443516204985,SA2,Female
51.0,2011.0,1960.0,0,0,0.006188005224118243,-5.085142502037956,SA2,Female
52.0,2011.0,1959.0,0,0,0.006701134843811298,-5.005478387255006,SA2,Female
53.0,2011.0,1958.0,0,0,0.007138648630945428,-4.942231787918564,SA2,Female
54.0,2011.0,1957.0,0,0,0.007281693737249709,-4.922391787618183,SA2,Female
55.0,2011.0,1956.0,0,0,0.00872511097737267,-4.741550091504891,SA2,Female
56.0,2011.0,1955.0,0,0,0.009857463297841314,-4.619526415491925,SA2,Female
57.0,2011.0,1954.0,0,0,0.009889177747463614,-4.616314276595164,SA2,Female
58.0,2011.0,1953.0,0,0,0.011046016591862124,-4.50568540543455,SA2,Female
59.0,2011.0,1952.0,0,0,0.012079419574759801,-4.416252136076868,SA2,Female
60.0,2011.0,1951.0,0,0,0.013126643399414039,-4.333111266958814,SA2,Female
61.0,2011.0,1950.0,0,0,0.014651919615812723,-4.223183920306886,SA2,Female
62.0,2011.0,1949.0,0,0,0.017301379637716673,-4.0569690328132,SA2,Female
63.0,2011.0,1948.0,0,0,0.017953632120217698,-4.019962837986913,SA2,Female
64.0,2011.0,1947.0,0,0,0.01974254965193167,-3.9249790916187894,SA2,Female
65.0,2011.0,1946.0,0,0,0.02093488005638948,-3.8663386088615974,SA2,Female
66.0,2011.0,1945.0,0,0,0.023482208770299693,-3.751512218161237,SA2,Female
67.0,2011.0,1944.0,0,0,0.02716018747781186,-3.6060030735977975,SA2,Female
68.0,2011.0,1943.0,0,0,0.03206380297624837,-3.440027518241449,SA2,Female
69.0,2011.0,1942.0,0,0,0.03604999090591766,-3.322848667514244,SA2,Female
70.0,2011.0,1941.0,0,0,0.0368495325026183,-3.300912346923377,SA2,Female
71.0,2011.0,1940.0,0,0,0.04193641205137291,-3.1716008067298596,SA2,Female
72.0,2011.0,1939.0,0,0,0.04886942413567849,-3.0186033513651935,SA2,Female
73.0,2011.0,1938.0,0,0,0.05212531060565608,-2.954104640019418,SA2,Female
74.0,2011.0,1937.0,0,0,0.059216895298553666,-2.8265483842525216,SA2,Female
75.0,2011.0,1936.0,0,0,0.06409684472219941,-2.7473601405697297,SA2,Female
76.0,2011.0,1935.0,0,0,0.07829548544708588,-2.5472653347729555,SA2,Female
77.0,2011.0,1934.0,0,0,0.08664135985004792,-2.4459779810057416,SA2,Female
78.0,2011.0,1933.0,0,0,0.09861045199821444,-2.3165780189528924,SA2,Female
79.0,2011.0,1932.0,0,0,0.10886896357481606,-2.2176102889762284,SA2,Female
80.0,2011.0,1931.0,0,0,0.12092168535874324,-2.112612171368281,SA2,Female
81.0,2011.0,1930.0,0,0,0.14288994269123717,-1.9456805765704326,SA2,Female
82.0,2011.0,1929.0,0,0,0.15679683407224462,-1.8528043621354546,SA2,Female
83.0,2011.0,1928.0,0,0,0.17328340073312215,-1.7528268702692085,SA2,Female
84.0,2011.0,1927.0,0,0,0.20006405869378693,-1.6091176702481687,SA2,Female
50.0,2012.0,1962.0,0,0,0.0060092655986220215,-5.114452734470345,SA2,Female
51.0,2012.0,1961.0,0,0,0.006402277368465264,-5.051101513089432,SA2,Female
52.0,2012.0,1960.0,0,0,0.007042613533288599,-4.955775937180951,SA2,Female
53.0,2012.0,1959.0,0,0,0.007672830614927351,-4.870069681499147,SA2,Female
54.0,2012.0,1958.0,0,0,0.007805724485969157,-4.852897906008125,SA2,Female
55.0,2012.0,1957.0,0,0,0.00868436874655838,-4.746230565113304,SA2,Female
56.0,2012.0,1956.0,0,0,0.009530916252885754,-4.6532144218782046,SA2,Female
57.0,2012.0,1955.0,0,0,0.010804592335776658,-4.527784018955168,SA2,Female
58.0,2012.0,1954.0,0,0,0.011894762299346802,-4.43165711866801,SA2,Female
59.0,2012.0,1953.0,0,0,0.01262826141200167,-4.371818007518577,SA2,Female
60.0,2012.0,1952.0,0,0,0.014612715779441487,-4.225863185521961,SA2,Female
61.0,2012.0,1951.0,0,0,0.015146322050556282,-4.189997545440088,SA2,Female
62.0,2012.0,1950.0,0,0,0.016948023119285872,-4.077604082088127,SA2,Female
63.0,2012.0,1949.0,0,0,0.0194862889989929,-3.9380441889798172,SA2,Female
64.0,2012.0,1948.0,0,0,0.020942129423396554,-3.865992387048266,SA2,Female
65.0,2012.0,1947.0,0,0,0.02306710687963913,-3.7693476208313084,SA2,Female
66.0,2012.0,1946.0,0,0,0.024313698135364808,-3.716715378185751,SA2,Female
67.0,2012.0,1945.0,0,0,0.029087423701462115,-3.537449373426798,SA2,Female
68.0,2012.0,1944.0,0,0,0.028603187708044955,-3.5542371090440974,SA2,Female
69.0,2012.0,1943.0,0,0,0.035290679631638414,-3.344136383003823,SA2,Female
70.0,2012.0,1942.0,0,0,0.036617087226447666,-3.3072402834113657,SA2,Female
71.0,2012.0,1941.0,0,0,0.04436332982215579,-3.115342055697721,SA2,Female
72.0,2012.0,1940.0,0,0,0.04675180864029796,-3.0629023365027783,SA2,Female
73.0,2012.0,1939.0,0,0,0.051474703678804856,-2.9666647826889356,SA2,Female
74.0,2012.0,1938.0,0,0,0.06276350108843186,-2.7683815673253873,SA2,Female
75.0,2012.0,1937.0,0,0,0.0673347660320136,-2.698078592772237,SA2,Female
76.0,2012.0,1936.0,0,0,0.07301495792278993,-2.6170909557715922,SA2,Female
77.0,2012.0,1935.0,0,0,0.08684621969707253,-2.4436163140463427,SA2,Female
78.0,2012.0,1934.0,0,0,0.09005113722711963,-2.407377578599053,SA2,Female
79.0,2012.0,1933.0,0,0,0.10953759359876314,-2.211487468109942,SA2,Female
80.0,2012.0,1932.0,0,0,0.12019042888977924,-2.1186778865923293,SA2,Female
81.0,2012.0,1931.0,0,0,0.14153522203977792,-1.95520667386501,SA2,Female
82.0,2012.0,1930.0,0,0,0.1499194558431828,-1.897657090146539,SA2,Female
83.0,2012.0,1929.0,0,0,0.16754281952406602,-1.7865163214374367,SA2,Female
84.0,2012.0,1928.0,0,0,0.19295847890110956,-1.6452802484495657,SA2,Female
50.0,2013.0,1963.0,0,0,0.0056982449985862925,-5.167597046535886,SA2,Female
51.0,2013.0,1962.0,0,0,0.0060744580869867715,-5.103662497522605,SA2,Female
52.0,2013.0,1961.0,0,0,0.007333162503318161,-4.915348409565333,SA2,Female
53.0,2013.0,1960.0,0,0,0.0074024354414820885,-4.905946219204256,SA2,Female
54.0,2013.0,1959.0,0,0,0.008470701241368395,-4.771141982556463,SA2,Female
55.0,2013.0,1958.0,0,0,0.008585760171518528,-4.757650242074136,SA2,Female
56.0,2013.0,1957.0,0,0,0.009824522272572973,-4.622873746065675,SA2,Female
57.0,2013.0,1956.0,0,0,0.010553375725369801,-4.551309496272113,SA2,Female
58.0,2013.0,1955.0,0,0,0.011763356762155609,-4.442765938282795,SA2,Female
59.0,2013.0,1954.0,0,0,0.012965358600205125,-4.345474201276049,SA2,Female
60.0,2013.0,1953.0,0,0,0.014232432339611432,-4.252231951085947,SA2,Female
61.0,2013.0,1952.0,0,0,0.014657797478752623,-4.222782834005048,SA2,Female
62.0,2013.0,1951.0,0,0,0.017235038924674345,-4.060810820549114,SA2,Female
63.0,2013.0,1950.0,0,0,0.0185982124018495,-3.9846898103090425,SA2,Female
64.0,2013.0,1949.0,0,0,0.020426736577309562,-3.890910619705349,SA2,Female
65.0,2013.0,1948.0,0,0,0.022465439491948045,-3.795777173243939,SA2,Female
66.0,2013.0,1947.0,0,0,0.025125023832175748,-3.6838909640590387,SA2,Female
67.0,2013.0,1946.0,0,0,0.026673940536468058,-3.624068200053818,SA2,Female
68.0,2013.0,1945.0,0,0,0.02953942606760368,-3.5220294310587223,SA2,Female
69.0,2013.0,1944.0,0,0,0.033398729355696634,-3.3992374229657605,SA2,Female
70.0,2013.0,1943.0,0,0,0.035825471951522005,-3.329096131550851,SA2,Female
71.0,2013.0,1942.0,0,0,0.04240339403950644,-3.1605268718463364,SA2,Female
72.0,2013.0,1941.0,0,0,0.046195378530102686,-3.074875517713919,SA2,Female
73.0,2013.0,1940.0,0,0,0.0515169190084259,-2.9658450008293284,SA2,Female
74.0,2013.0,1939.0,0,0,0.056282539727971446,-2.8773709211021807,SA2,Female
75.0,2013.0,1938.0,0,0,0.06256474328562445,-2.7715533658362563,SA2,Female
76.0,2013.0,1937.0,0,0,0.06982253525935725,-2.661798466601595,SA2,Female
77.0,2013.0,1936.0,0,0,0.08048259000094693,-2.51971439122822,SA2,Female
78.0,2013.0,1935.0,0,0,0.08678309789300855,-2.44434340101208,SA2,Female
79.0,2013.0,1934.0,0,0,0.10340944608077145,-2.26905896633406,SA2,Female
80.0,2013.0,1933.0,0,0,0.11442902476665844,-2.1678005192208727,SA2,Female
81.0,2013.0,1932.0,0,0,0.12521918341399269,-2.0776896098969635,SA2,Female
82.0,2013.0,1931.0,0,0,0.15054163466936832,-1.8935155907302537,SA2,Female
83.0,2013.0,1930.0,0,0,0.1659994607661194,-1.7957707390277409,SA2,Female
84.0,2013.0,1929.0,0,0,0.17172246615681894,-1.7618756742286759,SA2,Female
50.0,2014.0,1964.0,0,0,0.005856747887006639,-5.140160797532608,SA2,Female
51.0,2014.0,1963.0,0,0,0.006104160531983541,-5.098784685872749,SA2,Female
52.0,2014.0,1962.0,0,0,0.006897881449834485,-4.976540950780077,SA2,Female
53.0,2014.0,1961.0,0,0,0.007601074271614867,-4.879465690150766,SA2,Female
54.0,2014.0,1960.0,0,0,0.008282502907681814,-4.793610072726981,SA2,Female
55.0,2014.0,1959.0,0,0,0.008526638183345031,-4.7645601120041485,SA2,Female
56.0,2014.0,1958.0,0,0,0.010255022520191974,-4.579987691439534,SA2,Female
57.0,2014.0,1957.0,0,0,0.010368592147803028,-4.568974027981979,SA2,Female
58.0,2014.0,1956.0,0,0,0.011839645045793521,-4.436301629216076,SA2,Female
59.0,2014.0,1955.0,0,0,0.013298622965444774,-4.320094785547419,SA2,Female
60.0,2014.0,1954.0,0,0,0.014469316792646852,-4.2357249548890294,SA2,Female
61.0,2014.0,1953.0,0,0,0.015436991102039738,-4.170988630187358,SA2,Female
62.0,2014.0,1952.0,0,0,0.01696709660132496,-4.076479304454607,SA2,Female
63.0,2014.0,1951.0,0,0,0.01851478869459278,-3.9891854773420814,SA2,Female
64.0,2014.0,1950.0,0,0,0.019404605182125768,-3.942244860561206,SA2,Female
65.0,2014.0,1949.0,0,0,0.021951768251859304,-3.818907584534325,SA2,Female
66.0,2014.0,1948.0,0,0,0.024961611971733275,-3.6904161553653982,SA2,Female
67.0,2014.0,1947.0,0,0,0.027577321784880683,-3.590761518479369,SA2,Female
68.0,2014.0,1946.0,0,0,0.029673946892700278,-3.5174858271464395,SA2,Female
69.0,2014.0,1945.0,0,0,0.0339129895854883,-3.38395716437477,SA2,Female
70.0,2014.0,1944.0,0,0,0.03553977676099975,-3.33710273762033,SA2,Female
71.0,2014.0,1943.0,0,0,0.04221303863811259,-3.165026133195211,SA2,Female
72.0,2014.0,1942.0,0,0,0.04532196412912109,-3.093963504636972,SA2,Female
73.0,2014.0,1941.0,0,0,0.051244228246241606,-2.971152286891211,SA2,Female
74.0,2014.0,1940.0,0,0,0.056641843265981505,-2.871007286588393,SA2,Female
75.0,2014.0,1939.0,0,0,0.0661041085542111,-2.7165243774114947,SA2,Female
76.0,2014.0,1938.0,0,0,0.07401478369828557,-2.6034904260247136,SA2,Female
77.0,2014.0,1937.0,0,0,0.07967481975395153,-2.5298016809473576,SA2,Female
78.0,2014.0,1936.0,0,0,0.08483744891302826,-2.4670182191268544,SA2,Female
79.0,2014.0,1935.0,0,0,0.10119215375599871,-2.2907340571898858,SA2,Female
80.0,2014.0,1934.0,0,0,0.11528398417251436,-2.160356767057805,SA2,Female
81.0,2014.0,1933.0,0,0,0.11902920580530617,-2.128386389047525,SA2,Female
82.0,2014.0,1932.0,0,0,0.13711274210509572,-1.986951756505733,SA2,Female
83.0,2014.0,1931.0,0,0,0.15302832967688326,-1.877132213443118,SA2,Female
84.0,2014.0,1930.0,0,0,0.18052145482504786,-1.7119056449762193,SA2,Female
50.0,2015.0,1965.0,0,0,0.005936838338725926,-5.126578553519283,SA2,Female
51.0,2015.0,1964.0,0,0,0.006453653082859782,-5.043108939065466,SA2,Female
52.0,2015.0,1963.0,0,0,0.00674317246436507,-4.999224772756377,SA2,Female
53.0,2015.0,1962.0,0,0,0.007763575968911064,-4.858312230196315,SA2,Female
54.0,2015.0,1961.0,0,0,0.008357056448599723,-4.784649013336886,SA2,Female
55.0,2015.0,1960.0,0,0,0.008948733727635232,-4.716243239650813,SA2,Female
56.0,2015.0,1959.0,0,0,0.009176771273358328,-4.691079849357106,SA2,Female
57.0,2015.0,1958.0,0,0,0.010379845550269252,-4.5678892809052645,SA2,Female
58.0,2015.0,1957.0,0,0,0.011974525553674452,-4.424973756204951,SA2,Female
59.0,2015.0,1956.0,0,0,0.013012376646448089,-4.341854324705725,SA2,Female
60.0,2015.0,1955.0,0,0,0.013809184165356711,-4.282421388949945,SA2,Female
61.0,2015.0,1954.0,0,0,0.01594429681751477,-4.13865407999337,SA2,Female
62.0,2015.0,1953.0,0,0,0.016718880262145887,-4.091216643535521,SA2,Female
63.0,2015.0,1952.0,0,0,0.01840092950825007,-3.995354098890404,SA2,Female
64.0,2015.0,1951.0,0,0,0.02020061191294164,-3.90204238231391,SA2,Female
65.0,2015.0,1950.0,0,0,0.022448781521151238,-3.7965189414939435,SA2,Female
66.0,2015.0,1949.0,0,0,0.023988120471510957,-3.730196551531116,SA2,Female
67.0,2015.0,1948.0,0,0,0.027134481905131295,-3.6069499648817245,SA2,Female
68.0,2015.0,1947.0,0,0,0.029548483426273718,-3.5217228587389853,SA2,Female
69.0,2015.0,1946.0,0,0,0.033466881980428825,-3.397198926735162,SA2,Female
70.0,2015.0,1945.0,0,0,0.03670661105925278,-3.304798402290188,SA2,Female
71.0,2015.0,1944.0,0,0,0.04022798841299571,-3.2131922964332618,SA2,Female
72.0,2015.0,1943.0,0,0,0.0442243251222187,-3.1184802991495317,SA2,Female
73.0,2015.0,1942.0,0,0,0.04812258592013111,-3.0340036503309533,SA2,Female
74.0,2015.0,1941.0,0,0,0.05466316760434943,-2.9065651491121094,SA2,Female
75.0,2015.0,1940.0,0,0,0.05966296543740216,-2.8190437955089247,SA2,Female
76.0,2015.0,1939.0,0,0,0.06926533353321247,-2.669810735562839,SA2,Female
77.0,2015.0,1938.0,0,0,0.07507832218720221,-2.5892234145140303,SA2,Female
78.0,2015.0,1937.0,0,0,0.08640152488188042,-2.4487499542320323,SA2,Female
79.0,2015.0,1936.0,0,0,0.09933423234217853,-2.309265030761181,SA2,Female
80.0,2015.0,1935.0,0,0,0.11802891628856607,-2.1368256312441933,SA2,Female
81.0,2015.0,1934.0,0,0,0.11953768927259063,-2.124123565933553,SA2,Female
82.0,2015.0,1933.0,0,0,0.13183323257722698,-2.026217544711652,SA2,Female
83.0,2015.0,1932.0,0,0,0.14942921045578408,-1.9009325069489837,SA2,Female
84.0,2015.0,1931.0,0,0,0.16745361029216324,-1.7870489195553358,SA2,Female
50.0,2016.0,1966.0,0,0,0.005775356427263038,-5.154155305472233,SA2,Female
51.0,2016.0,1965.0,0,0,0.006192271211497823,-5.084453343347421,SA2,Female
52.0,2016.0,1964.0,0,0,0.0071150271150885475,-4.945546236472383,SA2,Female
53.0,2016.0,1963.0,0,0,0.007588354640506269,-4.881140490981706,SA2,Female
54.0,2016.0,1962.0,0,0,0.008234289098196906,-4.799448245952391,SA2,Female
55.0,2016.0,1961.0,0,0,0.00915632302817672,-4.693310597023036,SA2,Female
56.0,2016.0,1960.0,0,0,0.009756282455494019,-4.629843847069907,SA2,Female
57.0,2016.0,1959.0,0,0,0.010362933932441983,-4.5695198841316556,SA2,Female
58.0,2016.0,1958.0,0,0,0.012169208279439042,-4.4088464291983795,SA2,Female
59.0,2016.0,1957.0,0,0,0.013047034632482754,-4.339194402261737,SA2,Female
60.0,2016.0,1956.0,0,0,0.013280198779598575,-4.321481166702608,SA2,Female
61.0,2016.0,1955.0,0,0,0.015078029892645289,-4.194516568660749,SA2,Female
62.0,2016.0,1954.0,0,0,0.015897786433731412,-4.141575397451991,SA2,Female
63.0,2016.0,1953.0,0,0,0.01818665431696247,-4.007067233167921,SA2,Female
64.0,2016.0,1952.0,0,0,0.02092078038866569,-3.8670123370076688,SA2,Female
65.0,2016.0,1951.0,0,0,0.021945090211033393,-3.819211845071925,SA2,Female
66.0,2016.0,1950.0,0,0,0.025950813387872168,-3.6515523254347926,SA2,Female
67.0,2016.0,1949.0,0,0,0.027144017744332186,-3.606598597789392,SA2,Female
68.0,2016.0,1948.0,0,0,0.030636602314746113,-3.485559830769451,SA2,Female
69.0,2016.0,1947.0,0,0,0.03118153758078735,-3.4679291035219357,SA2,Female
70.0,2016.0,1946.0,0,0,0.03666677382077447,-3.3058842794773424,SA2,Female
71.0,2016.0,1945.0,0,0,0.03787143170174726,-3.2735582320860015,SA2,Female
72.0,2016.0,1944.0,0,0,0.04366752237141134,-3.1311506483492373,SA2,Female
73.0,2016.0,1943.0,0,0,0.04655494912224788,-3.0671219624948267,SA2,Female
74.0,2016.0,1942.0,0,0,0.05127236223071802,-2.970603419921449,SA2,Female
75.0,2016.0,1941.0,0,0,0.05545055329327144,-2.892263586998006,SA2,Female
76.0,2016.0,1940.0,0,0,0.0645401503695334,-2.740467762495318,SA2,Female
77.0,2016.0,1939.0,0,0,0.07610825343991821,-2.5755985648058717,SA2,Female
78.0,2016.0,1938.0,0,0,0.08749744847637825,-2.4361456463137,SA2,Female
79.0,2016.0,1937.0,0,0,0.09409572607978114,-2.363442652340646,SA2,Female
80.0,2016.0,1936.0,0,0,0.1047180871960774,-2.256483423436569,SA2,Female
81.0,2016.0,1935.0,0,0,0.11248996910718638,-2.1848912248046393,SA2,Female
82.0,2016.0,1934.0,0,0,0.13809395284049983,-1.9798210077913754,SA2,Female
83.0,2016.0,1933.0,0,0,0.14476282869980894,-1.932658539859875,SA2,Female
84.0,2016.0,1932.0,0,0,0.17112050697816455,-1.7653872515068791,SA2,Female
50.0,2017.0,1967.0,0,0,0.005644417414243905,-5.177088290560443,SA2,Female
51.0,2017.0,1966.0,0,0,0.00650371551360965,-5.035381647913177,SA2,Female
52.0,2017.0,1965.0,0,0,0.006783306188409732,-4.993290657478289,SA2,Female
53.0,2017.0,1964.0,0,0,0.007477524470979422,-4.895853494850424,SA2,Female
54.0,2017.0,1963.0,0,0,0.007882120157571552,-4.843158355771912,SA2,Female
55.0,2017.0,1962.0,0,0,0.009168126191101023,-4.692022354804631,SA2,Female
56.0,2017.0,1961.0,0,0,0.00956718042769561,-4.649416743083195,SA2,Female
57.0,2017.0,1960.0,0,0,0.010359172554822688,-4.569882914566126,SA2,Female
58.0,2017.0,1959.0,0,0,0.011721104820430834,-4.446364231321366,SA2,Female
59.0,2017.0,1958.0,0,0,0.012890498090772345,-4.35126482113507,SA2,Female
60.0,2017.0,1957.0,0,0,0.013693852403435491,-4.290808276533589,SA2,Female
61.0,2017.0,1956.0,0,0,0.014879120571092815,-4.207796352728801,SA2,Female
62.0,2017.0,1955.0,0,0,0.01746172920076919,-4.047743695629863,SA2,Female
63.0,2017.0,1954.0,0,0,0.018072459605697956,-4.013366068217623,SA2,Female
64.0,2017.0,1953.0,0,0,0.01993804103014152,-3.915125762497218,SA2,Female
65.0,2017.0,1952.0,0,0,0.023484782852171707,-3.7514026057808962,SA2,Female
66.0,2017.0,1951.0,0,0,0.02400962929872384,-3.729300308321566,SA2,Female
67.0,2017.0,1950.0,0,0,0.02613530225003439,-3.6444683019315947,SA2,Female
68.0,2017.0,1949.0,0,0,0.028598947252714408,-3.554385371179461,SA2,Female
69.0,2017.0,1948.0,0,0,0.03121696549601162,-3.466793566055996,SA2,Female
70.0,2017.0,1947.0,0,0,0.038847454714356466,-3.2481127200327093,SA2,Female
71.0,2017.0,1946.0,0,0,0.03742423434967225,-3.2854368071443085,SA2,Female
72.0,2017.0,1945.0,0,0,0.04125737167542618,-3.1879254748846324,SA2,Female
73.0,2017.0,1944.0,0,0,0.047045835174344235,-3.056632936011323,SA2,Female
74.0,2017.0,1943.0,0,0,0.05303655072972111,-2.9367739667100983,SA2,Female
75.0,2017.0,1942.0,0,0,0.057858369393457926,-2.8497571617625153,SA2,Female
76.0,2017.0,1941.0,0,0,0.06419396469003662,-2.7458460806486,SA2,Female
77.0,2017.0,1940.0,0,0,0.07417967883028209,-2.601265036529929,SA2,Female
78.0,2017.0,1939.0,0,0,0.07967897975837043,-2.529749470025088,SA2,Female
79.0,2017.0,1938.0,0,0,0.08420527867927258,-2.474497667546046,SA2,Female
80.0,2017.0,1937.0,0,0,0.10314787032680599,-2.2715916860492613,SA2,Female
81.0,2017.0,1936.0,0,0,0.11468290212481172,-2.1655843320017487,SA2,Female
82.0,2017.0,1935.0,0,0,0.13101093412509152,-2.0324744926603766,SA2,Female
83.0,2017.0,1934.0,0,0,0.13559934183377947,-1.998050757220811,SA2,Female
84.0,2017.0,1933.0,0,0,0.16131048226739106,-1.8244243098038277,SA2,Female
50.0,2018.0,1968.0,0,0,0.005657735527761862,-5.174731550256076,SA2,Female
51.0,2018.0,1967.0,0,0,0.006580768359975421,-5.023603768429496,SA2,Female
52.0,2018.0,1966.0,0,0,0.0069249228707069415,-4.972628364774812,SA2,Female
53.0,2018.0,1965.0,0,0,0.0071618252464413406,-4.938990407809512,SA2,Female
54.0,2018.0,1964.0,0,0,0.008283039012934663,-4.793545347376539,SA2,Female
55.0,2018.0,1963.0,0,0,0.008556802750810328,-4.761028669020232,SA2,Female
56.0,2018.0,1962.0,0,0,0.009474966050716115,-4.659102111057943,SA2,Female
57.0,2018.0,1961.0,0,0,0.010403174610107375,-4.565644268442546,SA2,Female
58.0,2018.0,1960.0,0,0,0.0114839005448195,-4.466809177086534,SA2,Female
59.0,2018.0,1959.0,0,0,0.012810783979910758,-4.35746796432863,SA2,Female
60.0,2018.0,1958.0,0,0,0.014235169428332525,-4.252039656086752,SA2,Female
61.0,2018.0,1957.0,0,0,0.015176810197343564,-4.187986661022761,SA2,Female
62.0,2018.0,1956.0,0,0,0.014771175611177786,-4.215077591078377,SA2,Female
63.0,2018.0,1955.0,0,0,0.017960268694933588,-4.01959325547759,SA2,Female
64.0,2018.0,1954.0,0,0,0.018982846606419846,-3.9642195177826935,SA2,Female
65.0,2018.0,1953.0,0,0,0.022006780008265666,-3.816404690908305,SA2,Female
66.0,2018.0,1952.0,0,0,0.022715730268728085,-3.784697631102949,SA2,Female
67.0,2018.0,1951.0,0,0,0.024673828464977066,-3.702012173412754,SA2,Female
68.0,2018.0,1950.0,0,0,0.027774609909678945,-3.583632988211094,SA2,Female
69.0,2018.0,1949.0,0,0,0.030818382662989884,-3.479643927333126,SA2,Female
70.0,2018.0,1948.0,0,0,0.03511839753467004,-3.3490301395401056,SA2,Female
71.0,2018.0,1947.0,0,0,0.04033996828597818,-3.2104125326244968,SA2,Female
72.0,2018.0,1946.0,0,0,0.04188718537906524,-3.1727753370405547,SA2,Female
73.0,2018.0,1945.0,0,0,0.04570812468514335,-3.0854792138387985,SA2,Female
74.0,2018.0,1944.0,0,0,0.050331815346055374,-2.9891178899777464,SA2,Female
75.0,2018.0,1943.0,0,0,0.05535842249254987,-2.89392646351677,SA2,Female
76.0,2018.0,1942.0,0,0,0.06154265965487541,-2.788024691710858,SA2,Female
77.0,2018.0,1941.0,0,0,0.06995752999913192,-2.6598669353564914,SA2,Female
78.0,2018.0,1940.0,0,0,0.0812538263045045,-2.5101773659026128,SA2,Female
79.0,2018.0,1939.0,0,0,0.0874014545811281,-2.437243353654468,SA2,Female
80.0,2018.0,1938.0,0,0,0.10589575391272317,-2.2453001224314626,SA2,Female
81.0,2018.0,1937.0,0,0,0.1052645313116557,-2.2512787512308834,SA2,Female
82.0,2018.0,1936.0,0,0,0.11873402276567536,-2.1308693902505493,SA2,Female
83.0,2018.0,1935.0,0,0,0.13798750597081305,-1.9805921343669872,SA2,Female
84.0,2018.0,1934.0,0,0,0.1584752501165541,-1.8421568485417903,SA2,Female
50.0,2019.0,1969.0,0,0,0.005664748260311418,-5.173492823210396,SA2,Female
51.0,2019.0,1968.0,0,0,0.006039348163564905,-5.1094591927987745,SA2,Female
52.0,2019.0,1967.0,0,0,0.006521846472416936,-5.03259774184655,SA2,Female
53.0,2019.0,1966.0,0,0,0.007185805086039222,-4.935647714783471,SA2,Female
54.0,2019.0,1965.0,0,0,0.008231974809398059,-4.799729340537911,SA2,Female
55.0,2019.0,1964.0,0,0,0.008495014151694827,-4.768275857974423,SA2,Female
56.0,2019.0,1963.0,0,0,0.009710061746639203,-4.634592637621965,SA2,Female
57.0,2019.0,1962.0,0,0,0.010352231729695306,-4.570553156457199,SA2,Female
58.0,2019.0,1961.0,0,0,0.011089725676917456,-4.5017362140017765,SA2,Female
59.0,2019.0,1960.0,0,0,0.0121464261912494,-4.410720293101331,SA2,Female
60.0,2019.0,1959.0,0,0,0.01314639475213758,-4.331607721283547,SA2,Female
61.0,2019.0,1958.0,0,0,0.014658746865892865,-4.2227180659935515,SA2,Female
62.0,2019.0,1957.0,0,0,0.01617769361146927,-4.124121923157055,SA2,Female
63.0,2019.0,1956.0,0,0,0.017907664106204042,-4.022526495413007,SA2,Female
64.0,2019.0,1955.0,0,0,0.020340518393309324,-3.895140402289774,SA2,Female
65.0,2019.0,1954.0,0,0,0.02193756719267605,-3.8195547148467353,SA2,Female
66.0,2019.0,1953.0,0,0,0.02259313162325781,-3.790109329369362,SA2,Female
67.0,2019.0,1952.0,0,0,0.025865746213632475,-3.6548357256187356,SA2,Female
68.0,2019.0,1951.0,0,0,0.026419596104670515,-3.633649267488896,SA2,Female
69.0,2019.0,1950.0,0,0,0.03201664038379152,-3.441499499348308,SA2,Female
70.0,2019.0,1949.0,0,0,0.03501934426817809,-3.351854676794937,SA2,Female
71.0,2019.0,1948.0,0,0,0.0356826107442558,-3.333091802863799,SA2,Female
72.0,2019.0,1947.0,0,0,0.04101709963313108,-3.193766235002229,SA2,Female
73.0,2019.0,1946.0,0,0,0.043177518554525195,-3.142435323019578,SA2,Female
74.0,2019.0,1945.0,0,0,0.05097410766565525,-2.9764374680077417,SA2,Female
75.0,2019.0,1944.0,0,0,0.0566312813744714,-2.871193771980656,SA2,Female
76.0,2019.0,1943.0,0,0,0.06079089928813782,-2.8003151839744893,SA2,Female
77.0,2019.0,1942.0,0,0,0.07177851435206636,-2.6341700907175136,SA2,Female
78.0,2019.0,1941.0,0,0,0.07334544362098962,-2.612574894645819,SA2,Female
79.0,2019.0,1940.0,0,0,0.0876039892220204,-2.4349287430125033,SA2,Female
80.0,2019.0,1939.0,0,0,0.09819847328980918,-2.320764610689525,SA2,Female
81.0,2019.0,1938.0,0,0,0.10775559980482022,-2.2278895810023323,SA2,Female
82.0,2019.0,1937.0,0,0,0.11733894497365009,-2.142688566715827,SA2,Female
83.0,2019.0,1936.0,0,0,0.1354421486322034,-1.9992106771941698,SA2,Female
84.0,2019.0,1935.0,0,0,0.1510347083870181,-1.8902456117125856,SA2,Female
